TRAIN,gs://p2slckaggle/P2 - Files/export_data-Clean_dirty_p2slckaggle-2021-03-06T03:11:46.349170Z/files/140a0712-05c5-4ad9-9d81-dfd09750f0c9.jpeg,Pneumonia - 300
TRAIN,gs://p2slckaggle/P2 - Files/export_data-Clean_dirty_p2slckaggle-2021-03-06T03:11:46.349170Z/files/f5518b41-40b9-4024-8912-f8da675d63a4.jpeg,Pneumonia - 300
TRAIN,gs://p2slckaggle/P2 - Files/export_data-Clean_dirty_p2slckaggle-2021-03-06T03:11:46.349170Z/files/159c84da-11a2-44c5-b443-830006f24c28.jpeg,Pneumonia - 300
TRAIN,gs://p2slckaggle/P2 - Files/export_data-Clean_dirty_p2slckaggle-2021-03-06T03:11:46.349170Z/files/12319e1d-534a-4812-97c3-552eccbd38dd.jpeg,Pneumonia - 300
TRAIN,gs://p2slckaggle/P2 - Files/export_data-Clean_dirty_p2slckaggle-2021-03-06T03:11:46.349170Z/files/e2510de9-201f-484c-a264-2804e3d33a7e.jpeg,Pneumonia - 300
TRAIN,gs://p2slckaggle/P2 - Files/export_data-Clean_dirty_p2slckaggle-2021-03-06T03:11:46.349170Z/files/a2e192d6-ffe3-4f35-8f3b-3b15112f0786.jpeg,Normal - 100
TRAIN,gs://p2slckaggle/P2 - Files/export_data-Clean_dirty_p2slckaggle-2021-03-06T03:11:46.349170Z/files/37aadb5a-f3d5-4fe3-a7f4-337791ad1cc5.jpeg,Pneumonia - 300
TRAIN,gs://p2slckaggle/P2 - Files/export_data-Clean_dirty_p2slckaggle-2021-03-06T03:11:46.349170Z/files/c309a177-d713-4d86-94ea-38ec584dd06b.jpeg,Pneumonia - 300
TRAIN,gs://p2slckaggle/P2 - Files/export_data-Clean_dirty_p2slckaggle-2021-03-06T03:11:46.349170Z/files/bf572cc6-0c9c-4ffe-8521-e0cc77bd5a94.jpeg,Pneumonia - 300
TRAIN,gs://p2slckaggle/P2 - Files/export_data-Clean_dirty_p2slckaggle-2021-03-06T03:11:46.349170Z/files/60ae9073-bc64-45c3-87b7-609e6cde3654.jpeg,Normal - 100
VALIDATION,gs://p2slckaggle/P2 - Files/export_data-Clean_dirty_p2slckaggle-2021-03-06T03:11:46.349170Z/files/539a2883-0bfa-45d1-b092-16331548e6c0.jpeg,Pneumonia - 300
TEST,gs://p2slckaggle/P2 - Files/export_data-Clean_dirty_p2slckaggle-2021-03-06T03:11:46.349170Z/files/fd47d886-79be-484f-86b9-9f608b90ecf8.jpeg,Pneumonia - 300
TRAIN,gs://p2slckaggle/P2 - Files/export_data-Clean_dirty_p2slckaggle-2021-03-06T03:11:46.349170Z/files/5a1cd76f-2f1b-44a8-bed1-20e50ea63908.jpeg,Pneumonia - 300
TRAIN,gs://p2slckaggle/P2 - Files/export_data-Clean_dirty_p2slckaggle-2021-03-06T03:11:46.349170Z/files/9a589838-b318-4349-8ecd-5cdb32951d8d.jpeg,Pneumonia - 300
TRAIN,gs://p2slckaggle/P2 - Files/export_data-Clean_dirty_p2slckaggle-2021-03-06T03:11:46.349170Z/files/ccbc6f93-f7f1-4520-abf3-ec32c137ccab.jpeg,Pneumonia - 300
TRAIN,gs://p2slckaggle/P2 - Files/export_data-Clean_dirty_p2slckaggle-2021-03-06T03:11:46.349170Z/files/36547cf8-fa99-4227-b52c-28d45d5658c3.jpeg,Normal - 100
VALIDATION,gs://p2slckaggle/P2 - Files/export_data-Clean_dirty_p2slckaggle-2021-03-06T03:11:46.349170Z/files/e1c4129a-1e9a-4b80-947a-c263204ac2c3.jpeg,Pneumonia - 300
TRAIN,gs://p2slckaggle/P2 - Files/export_data-Clean_dirty_p2slckaggle-2021-03-06T03:11:46.349170Z/files/607d6dd4-b052-4c2f-9d1c-6ea781454e9d.jpeg,Pneumonia - 300
TRAIN,gs://p2slckaggle/P2 - Files/export_data-Clean_dirty_p2slckaggle-2021-03-06T03:11:46.349170Z/files/f0fe2e2d-c40a-4635-b4e9-df386ac4d0f5.jpeg,Pneumonia - 300
TEST,gs://p2slckaggle/P2 - Files/export_data-Clean_dirty_p2slckaggle-2021-03-06T03:11:46.349170Z/files/7a0df6da-7583-4cac-9d26-b92da2f13785.jpeg,Pneumonia - 300
TRAIN,gs://p2slckaggle/P2 - Files/export_data-Clean_dirty_p2slckaggle-2021-03-06T03:11:46.349170Z/files/cf4fc4ac-05c1-4b92-a01b-80fcd15adb5e.jpeg,Pneumonia - 300
TRAIN,gs://p2slckaggle/P2 - Files/export_data-Clean_dirty_p2slckaggle-2021-03-06T03:11:46.349170Z/files/64c0668c-c212-4929-a8c4-1417a4d1d3f1.jpeg,Normal - 100
TRAIN,gs://p2slckaggle/P2 - Files/export_data-Clean_dirty_p2slckaggle-2021-03-06T03:11:46.349170Z/files/996112cf-865f-4704-ada5-7a9edb579178.jpeg,Normal - 100
TRAIN,gs://p2slckaggle/P2 - Files/export_data-Clean_dirty_p2slckaggle-2021-03-06T03:11:46.349170Z/files/f694b3ce-e5a4-4702-98ab-9e3cf0e9344f.jpeg,Pneumonia - 300
TRAIN,gs://p2slckaggle/P2 - Files/export_data-Clean_dirty_p2slckaggle-2021-03-06T03:11:46.349170Z/files/42c43b78-1db5-478e-99c8-b90814e1b309.jpeg,Pneumonia - 300
TRAIN,gs://p2slckaggle/P2 - Files/export_data-Clean_dirty_p2slckaggle-2021-03-06T03:11:46.349170Z/files/5423cf09-a323-4bc4-96df-f4cab3ecab1e.jpeg,Pneumonia - 300
TRAIN,gs://p2slckaggle/P2 - Files/export_data-Clean_dirty_p2slckaggle-2021-03-06T03:11:46.349170Z/files/c54d1abc-e0b6-4f5d-8808-7fbdc3a004a5.jpeg,Pneumonia - 300
TRAIN,gs://p2slckaggle/P2 - Files/export_data-Clean_dirty_p2slckaggle-2021-03-06T03:11:46.349170Z/files/78354392-e020-4589-82b4-d0e990d4866b.jpeg,Pneumonia - 300
VALIDATION,gs://p2slckaggle/P2 - Files/export_data-Clean_dirty_p2slckaggle-2021-03-06T03:11:46.349170Z/files/fdcd31e5-edff-45a0-820a-2d2ed949b85c.jpeg,Pneumonia - 300
TRAIN,gs://p2slckaggle/P2 - Files/export_data-Clean_dirty_p2slckaggle-2021-03-06T03:11:46.349170Z/files/aa015151-14cc-41a5-9bdf-33dc247563cd.jpeg,Normal - 100
TRAIN,gs://p2slckaggle/P2 - Files/export_data-Clean_dirty_p2slckaggle-2021-03-06T03:11:46.349170Z/files/d3b1bec8-1284-4f09-bf8e-aaa403f2b0a5.jpeg,Pneumonia - 300
TRAIN,gs://p2slckaggle/P2 - Files/export_data-Clean_dirty_p2slckaggle-2021-03-06T03:11:46.349170Z/files/5a3c5c5c-dda6-4432-9ade-be2e70eb17a4.jpeg,Normal - 100
TRAIN,gs://p2slckaggle/P2 - Files/export_data-Clean_dirty_p2slckaggle-2021-03-06T03:11:46.349170Z/files/f6649be8-dfa9-468d-a32d-178d1585e9e9.jpeg,Pneumonia - 300
VALIDATION,gs://p2slckaggle/P2 - Files/export_data-Clean_dirty_p2slckaggle-2021-03-06T03:11:46.349170Z/files/82883cbd-0203-4b18-8ef3-1c044c622dcc.jpeg,Normal - 100
TEST,gs://p2slckaggle/P2 - Files/export_data-Clean_dirty_p2slckaggle-2021-03-06T03:11:46.349170Z/files/baf6d72c-7bce-4e2c-ac98-e90de0bf3fe1.jpeg,Pneumonia - 300
TRAIN,gs://p2slckaggle/P2 - Files/export_data-Clean_dirty_p2slckaggle-2021-03-06T03:11:46.349170Z/files/44edd809-dfc8-4cbe-b767-0bd124f35c0d.jpeg,Pneumonia - 300
TRAIN,gs://p2slckaggle/P2 - Files/export_data-Clean_dirty_p2slckaggle-2021-03-06T03:11:46.349170Z/files/31afa545-c1bf-497c-ad9c-f34b4dd28b85.jpeg,Pneumonia - 300
TRAIN,gs://p2slckaggle/P2 - Files/export_data-Clean_dirty_p2slckaggle-2021-03-06T03:11:46.349170Z/files/b1ce738f-484a-4c37-a8f7-3bbaaee6475a.jpeg,Pneumonia - 300
TEST,gs://p2slckaggle/P2 - Files/export_data-Clean_dirty_p2slckaggle-2021-03-06T03:11:46.349170Z/files/44e0edfc-1c13-4d91-8e28-4c3392868fb5.jpeg,Normal - 100
TRAIN,gs://p2slckaggle/P2 - Files/export_data-Clean_dirty_p2slckaggle-2021-03-06T03:11:46.349170Z/files/651cb69a-7daa-4294-bc30-631c821bdedd.jpeg,Pneumonia - 300
TRAIN,gs://p2slckaggle/P2 - Files/export_data-Clean_dirty_p2slckaggle-2021-03-06T03:11:46.349170Z/files/4d548a7e-4340-4d97-8106-3dd5095cfea0.jpeg,Normal - 100
TRAIN,gs://p2slckaggle/P2 - Files/export_data-Clean_dirty_p2slckaggle-2021-03-06T03:11:46.349170Z/files/be26ee10-b1d9-4d06-b84d-fcb1e63b8dfb.jpeg,Normal - 100
TRAIN,gs://p2slckaggle/P2 - Files/export_data-Clean_dirty_p2slckaggle-2021-03-06T03:11:46.349170Z/files/ccef3cd1-abfb-44c9-9c99-f3d11f53bd17.jpeg,Normal - 100
TRAIN,gs://p2slckaggle/P2 - Files/export_data-Clean_dirty_p2slckaggle-2021-03-06T03:11:46.349170Z/files/c5a777bc-ce83-4f19-b772-fc1cde8ed180.jpeg,Pneumonia - 300
TRAIN,gs://p2slckaggle/P2 - Files/export_data-Clean_dirty_p2slckaggle-2021-03-06T03:11:46.349170Z/files/37a102e9-7e7c-4445-8024-609187f8bf70.jpeg,Pneumonia - 300
VALIDATION,gs://p2slckaggle/P2 - Files/export_data-Clean_dirty_p2slckaggle-2021-03-06T03:11:46.349170Z/files/9d543d80-2539-4591-abed-8399d6380a72.jpeg,Pneumonia - 300
TRAIN,gs://p2slckaggle/P2 - Files/export_data-Clean_dirty_p2slckaggle-2021-03-06T03:11:46.349170Z/files/c4c472c4-766d-4a2f-87c7-55dc184601fa.jpeg,Pneumonia - 300
TRAIN,gs://p2slckaggle/P2 - Files/export_data-Clean_dirty_p2slckaggle-2021-03-06T03:11:46.349170Z/files/378869a0-78ae-45ee-bc1b-a09e48b922ff.jpeg,Pneumonia - 300
VALIDATION,gs://p2slckaggle/P2 - Files/export_data-Clean_dirty_p2slckaggle-2021-03-06T03:11:46.349170Z/files/fc5b8c73-532f-456c-a13a-f719eeb359d0.jpeg,Normal - 100
TRAIN,gs://p2slckaggle/P2 - Files/export_data-Clean_dirty_p2slckaggle-2021-03-06T03:11:46.349170Z/files/bbedab59-e9b9-4b51-8e90-b85cbbaf0a1c.jpeg,Normal - 100
TEST,gs://p2slckaggle/P2 - Files/export_data-Clean_dirty_p2slckaggle-2021-03-06T03:11:46.349170Z/files/d4bd878f-1519-41b7-962d-f06fd9de2d1c.jpeg,Pneumonia - 300
TRAIN,gs://p2slckaggle/P2 - Files/export_data-Clean_dirty_p2slckaggle-2021-03-06T03:11:46.349170Z/files/0cc6d8f2-89df-4d5c-93b2-b451a66fb396.jpeg,Pneumonia - 300
TRAIN,gs://p2slckaggle/P2 - Files/export_data-Clean_dirty_p2slckaggle-2021-03-06T03:11:46.349170Z/files/3a481aff-698c-4996-baac-41b73e1abde2.jpeg,Pneumonia - 300
TRAIN,gs://p2slckaggle/P2 - Files/export_data-Clean_dirty_p2slckaggle-2021-03-06T03:11:46.349170Z/files/433ba0a1-a9d6-49d4-9654-fb65d1ce19d6.jpeg,Pneumonia - 300
TRAIN,gs://p2slckaggle/P2 - Files/export_data-Clean_dirty_p2slckaggle-2021-03-06T03:11:46.349170Z/files/89b52eda-b974-4903-a32f-5fde578aef63.jpeg,Pneumonia - 300
TRAIN,gs://p2slckaggle/P2 - Files/export_data-Clean_dirty_p2slckaggle-2021-03-06T03:11:46.349170Z/files/4f857837-5fbd-4e25-aa94-c96368d70425.jpeg,Normal - 100
TEST,gs://p2slckaggle/P2 - Files/export_data-Clean_dirty_p2slckaggle-2021-03-06T03:11:46.349170Z/files/1025b6bd-0585-4ba8-b8aa-6ec33d614d8b.jpeg,Normal - 100
TRAIN,gs://p2slckaggle/P2 - Files/export_data-Clean_dirty_p2slckaggle-2021-03-06T03:11:46.349170Z/files/71e8d185-4129-4611-a161-26ececb6ff58.jpeg,Pneumonia - 300
TRAIN,gs://p2slckaggle/P2 - Files/export_data-Clean_dirty_p2slckaggle-2021-03-06T03:11:46.349170Z/files/81a852de-b1df-4a70-9661-3b396a584536.jpeg,Pneumonia - 300
VALIDATION,gs://p2slckaggle/P2 - Files/export_data-Clean_dirty_p2slckaggle-2021-03-06T03:11:46.349170Z/files/1a80945e-d911-48c7-9973-1262130c57e7.jpeg,Pneumonia - 300
TRAIN,gs://p2slckaggle/P2 - Files/export_data-Clean_dirty_p2slckaggle-2021-03-06T03:11:46.349170Z/files/abdb938b-f455-4d98-936e-a2b1a56b714a.jpeg,Pneumonia - 300
TRAIN,gs://p2slckaggle/P2 - Files/export_data-Clean_dirty_p2slckaggle-2021-03-06T03:11:46.349170Z/files/3f764999-474e-4bb1-a5e5-b2a0066f9dbc.jpeg,Pneumonia - 300
TRAIN,gs://p2slckaggle/P2 - Files/export_data-Clean_dirty_p2slckaggle-2021-03-06T03:11:46.349170Z/files/e506cd8d-4419-4c6d-ad97-ecefc2de500f.jpeg,Normal - 100
TRAIN,gs://p2slckaggle/P2 - Files/export_data-Clean_dirty_p2slckaggle-2021-03-06T03:11:46.349170Z/files/290b0424-fe08-4e12-a6e4-337b0d0f5690.jpeg,Normal - 100
TEST,gs://p2slckaggle/P2 - Files/export_data-Clean_dirty_p2slckaggle-2021-03-06T03:11:46.349170Z/files/6717f4ef-c6cb-4ddc-a75e-1df45d6eba61.jpeg,Pneumonia - 300
TRAIN,gs://p2slckaggle/P2 - Files/export_data-Clean_dirty_p2slckaggle-2021-03-06T03:11:46.349170Z/files/3239d82e-7d6a-4d48-bb30-98965e250f35.jpeg,Normal - 100
TRAIN,gs://p2slckaggle/P2 - Files/export_data-Clean_dirty_p2slckaggle-2021-03-06T03:11:46.349170Z/files/c88f330c-aaaa-4c85-a86f-5ae48d39e47c.jpeg,Pneumonia - 300
TRAIN,gs://p2slckaggle/P2 - Files/export_data-Clean_dirty_p2slckaggle-2021-03-06T03:11:46.349170Z/files/24b395bf-338e-4d49-9597-f3b037a9025b.jpeg,Pneumonia - 300
TRAIN,gs://p2slckaggle/P2 - Files/export_data-Clean_dirty_p2slckaggle-2021-03-06T03:11:46.349170Z/files/22dd4b5b-f1bc-4906-a02d-c6b19c2a949b.jpeg,Normal - 100
TRAIN,gs://p2slckaggle/P2 - Files/export_data-Clean_dirty_p2slckaggle-2021-03-06T03:11:46.349170Z/files/7f87548b-d48c-4e98-8f21-8edc9b9a2a87.jpeg,Pneumonia - 300
TRAIN,gs://p2slckaggle/P2 - Files/export_data-Clean_dirty_p2slckaggle-2021-03-06T03:11:46.349170Z/files/25cdaf12-0ec4-4e94-9410-0efad75216e1.jpeg,Pneumonia - 300
TRAIN,gs://p2slckaggle/P2 - Files/export_data-Clean_dirty_p2slckaggle-2021-03-06T03:11:46.349170Z/files/d4b2e167-2186-454b-a8c9-7c200c7f05eb.jpeg,Pneumonia - 300
TRAIN,gs://p2slckaggle/P2 - Files/export_data-Clean_dirty_p2slckaggle-2021-03-06T03:11:46.349170Z/files/46170fa2-4951-4b5e-b59a-f607fc2dc35d.jpeg,Pneumonia - 300
VALIDATION,gs://p2slckaggle/P2 - Files/export_data-Clean_dirty_p2slckaggle-2021-03-06T03:11:46.349170Z/files/9e5a535f-00a7-447a-ab67-5cdc1364f602.jpeg,Pneumonia - 300
TRAIN,gs://p2slckaggle/P2 - Files/export_data-Clean_dirty_p2slckaggle-2021-03-06T03:11:46.349170Z/files/2511a620-9c75-4e1c-92e8-0803624edee4.jpeg,Pneumonia - 300
TRAIN,gs://p2slckaggle/P2 - Files/export_data-Clean_dirty_p2slckaggle-2021-03-06T03:11:46.349170Z/files/1603db72-b8a8-42ea-9a79-8e4c87edb3cd.jpeg,Pneumonia - 300
TEST,gs://p2slckaggle/P2 - Files/export_data-Clean_dirty_p2slckaggle-2021-03-06T03:11:46.349170Z/files/bd38ab98-2f1f-4eb0-9c32-bef9dc80a791.jpeg,Pneumonia - 300
TRAIN,gs://p2slckaggle/P2 - Files/export_data-Clean_dirty_p2slckaggle-2021-03-06T03:11:46.349170Z/files/6c50dbe6-9a96-43d2-b1e1-ee0273e93cd1.jpeg,Pneumonia - 300
TRAIN,gs://p2slckaggle/P2 - Files/export_data-Clean_dirty_p2slckaggle-2021-03-06T03:11:46.349170Z/files/c7b58ca2-9800-4145-85c8-d48701bee8d7.jpeg,Pneumonia - 300
TRAIN,gs://p2slckaggle/P2 - Files/export_data-Clean_dirty_p2slckaggle-2021-03-06T03:11:46.349170Z/files/2b88fc81-c376-4a2e-acb1-1140230fb223.jpeg,Normal - 100
TRAIN,gs://p2slckaggle/P2 - Files/export_data-Clean_dirty_p2slckaggle-2021-03-06T03:11:46.349170Z/files/11d8bb03-68cd-4887-8967-c8ab68d332ce.jpeg,Pneumonia - 300
TRAIN,gs://p2slckaggle/P2 - Files/export_data-Clean_dirty_p2slckaggle-2021-03-06T03:11:46.349170Z/files/8d7a016b-f811-4b51-a736-53de10be4f78.jpeg,Pneumonia - 300
TRAIN,gs://p2slckaggle/P2 - Files/export_data-Clean_dirty_p2slckaggle-2021-03-06T03:11:46.349170Z/files/f25cb20c-e703-4c91-9006-ae2c7e046144.jpeg,Pneumonia - 300
TRAIN,gs://p2slckaggle/P2 - Files/export_data-Clean_dirty_p2slckaggle-2021-03-06T03:11:46.349170Z/files/83034e4a-83f4-40b6-bbe8-383fc4c3b252.jpeg,Pneumonia - 300
VALIDATION,gs://p2slckaggle/P2 - Files/export_data-Clean_dirty_p2slckaggle-2021-03-06T03:11:46.349170Z/files/10130a1f-e12b-4215-ac75-16f72235b693.jpeg,Pneumonia - 300
TRAIN,gs://p2slckaggle/P2 - Files/export_data-Clean_dirty_p2slckaggle-2021-03-06T03:11:46.349170Z/files/05226453-6d9b-4e7f-b75e-076b99a11ec4.jpeg,Normal - 100
VALIDATION,gs://p2slckaggle/P2 - Files/export_data-Clean_dirty_p2slckaggle-2021-03-06T03:11:46.349170Z/files/c56fd11a-b9b3-4526-a665-c4d17f82efc1.jpeg,Normal - 100
TRAIN,gs://p2slckaggle/P2 - Files/export_data-Clean_dirty_p2slckaggle-2021-03-06T03:11:46.349170Z/files/324592be-cb04-4f1b-8763-eaa4b23a57e1.jpeg,Pneumonia - 300
TRAIN,gs://p2slckaggle/P2 - Files/export_data-Clean_dirty_p2slckaggle-2021-03-06T03:11:46.349170Z/files/3f6337e2-324c-460e-85c2-9838fdf8b631.jpeg,Pneumonia - 300
TEST,gs://p2slckaggle/P2 - Files/export_data-Clean_dirty_p2slckaggle-2021-03-06T03:11:46.349170Z/files/f1020470-6257-40a9-b10b-ecbcd3ae82a6.jpeg,Pneumonia - 300
TRAIN,gs://p2slckaggle/P2 - Files/export_data-Clean_dirty_p2slckaggle-2021-03-06T03:11:46.349170Z/files/90804cf7-07d2-4d84-be32-7a40555bfbaa.jpeg,Normal - 100
TRAIN,gs://p2slckaggle/P2 - Files/export_data-Clean_dirty_p2slckaggle-2021-03-06T03:11:46.349170Z/files/55bc1bf5-917a-4855-95bd-7adbca71855b.jpeg,Normal - 100
TRAIN,gs://p2slckaggle/P2 - Files/export_data-Clean_dirty_p2slckaggle-2021-03-06T03:11:46.349170Z/files/02a61235-6974-485f-8a76-85a666cb4e59.jpeg,Pneumonia - 300
TRAIN,gs://p2slckaggle/P2 - Files/export_data-Clean_dirty_p2slckaggle-2021-03-06T03:11:46.349170Z/files/e4705848-ae8d-422c-b439-c8bd61aedeca.jpeg,Pneumonia - 300
TRAIN,gs://p2slckaggle/P2 - Files/export_data-Clean_dirty_p2slckaggle-2021-03-06T03:11:46.349170Z/files/3d763ac3-b047-44cf-9552-1dcebfc0a8b5.jpeg,Pneumonia - 300
TRAIN,gs://p2slckaggle/P2 - Files/export_data-Clean_dirty_p2slckaggle-2021-03-06T03:11:46.349170Z/files/0899496f-b5f2-4c75-b2b4-613e255883e8.jpeg,Pneumonia - 300
TRAIN,gs://p2slckaggle/P2 - Files/export_data-Clean_dirty_p2slckaggle-2021-03-06T03:11:46.349170Z/files/d4a4c910-5f7d-4636-8484-8357c68fb596.jpeg,Pneumonia - 300
TRAIN,gs://p2slckaggle/P2 - Files/export_data-Clean_dirty_p2slckaggle-2021-03-06T03:11:46.349170Z/files/3fb6dfb8-ecb2-4780-956d-5610949dcce3.jpeg,Pneumonia - 300
VALIDATION,gs://p2slckaggle/P2 - Files/export_data-Clean_dirty_p2slckaggle-2021-03-06T03:11:46.349170Z/files/ae6b126a-e231-4deb-b1ef-f43bb42b7f6a.jpeg,Pneumonia - 300
TRAIN,gs://p2slckaggle/P2 - Files/export_data-Clean_dirty_p2slckaggle-2021-03-06T03:11:46.349170Z/files/faafcdcd-63ed-4b10-a2b0-e541eda6f078.jpeg,Pneumonia - 300
TRAIN,gs://p2slckaggle/P2 - Files/export_data-Clean_dirty_p2slckaggle-2021-03-06T03:11:46.349170Z/files/e3e8ef37-cb54-4c5d-ac22-9413089c2c14.jpeg,Pneumonia - 300
TEST,gs://p2slckaggle/P2 - Files/export_data-Clean_dirty_p2slckaggle-2021-03-06T03:11:46.349170Z/files/0fbf61e2-bdb7-41cd-8677-35ab148cf7a6.jpeg,Pneumonia - 300
TRAIN,gs://p2slckaggle/P2 - Files/export_data-Clean_dirty_p2slckaggle-2021-03-06T03:11:46.349170Z/files/fc1ab1b0-a961-45d6-a1ca-f1bc54e1d8ac.jpeg,Pneumonia - 300
TEST,gs://p2slckaggle/P2 - Files/export_data-Clean_dirty_p2slckaggle-2021-03-06T03:11:46.349170Z/files/b51e2dfc-bd17-4f4f-a34e-244a44c72b2a.jpeg,Normal - 100
TRAIN,gs://p2slckaggle/P2 - Files/export_data-Clean_dirty_p2slckaggle-2021-03-06T03:11:46.349170Z/files/baeae681-f66c-4425-bde1-fe4e926473cf.jpeg,Pneumonia - 300
TRAIN,gs://p2slckaggle/P2 - Files/export_data-Clean_dirty_p2slckaggle-2021-03-06T03:11:46.349170Z/files/6ccdc02d-5bbb-49e0-a24c-92363d0d8b49.jpeg,Pneumonia - 300
TRAIN,gs://p2slckaggle/P2 - Files/export_data-Clean_dirty_p2slckaggle-2021-03-06T03:11:46.349170Z/files/fac5d365-67e6-4823-8403-b444e2271cbc.jpeg,Pneumonia - 300
TRAIN,gs://p2slckaggle/P2 - Files/export_data-Clean_dirty_p2slckaggle-2021-03-06T03:11:46.349170Z/files/b0f376c7-7dd4-4dae-823a-1a7a0678da32.jpeg,Pneumonia - 300
TRAIN,gs://p2slckaggle/P2 - Files/export_data-Clean_dirty_p2slckaggle-2021-03-06T03:11:46.349170Z/files/869f13cb-47e2-429d-9eb2-edd8024ad038.jpeg,Normal - 100
TRAIN,gs://p2slckaggle/P2 - Files/export_data-Clean_dirty_p2slckaggle-2021-03-06T03:11:46.349170Z/files/ccd70677-7c17-454d-ad0a-c1f0e06fab52.jpeg,Pneumonia - 300
VALIDATION,gs://p2slckaggle/P2 - Files/export_data-Clean_dirty_p2slckaggle-2021-03-06T03:11:46.349170Z/files/0a6b123b-cb30-4728-b56a-585e8fe9e0e3.jpeg,Pneumonia - 300
TRAIN,gs://p2slckaggle/P2 - Files/export_data-Clean_dirty_p2slckaggle-2021-03-06T03:11:46.349170Z/files/da8b8574-0ac2-45b6-af2c-2a25687b7389.jpeg,Pneumonia - 300
TRAIN,gs://p2slckaggle/P2 - Files/export_data-Clean_dirty_p2slckaggle-2021-03-06T03:11:46.349170Z/files/d70e870f-78ff-4704-9746-42fbd3b920ba.jpeg,Normal - 100
TRAIN,gs://p2slckaggle/P2 - Files/export_data-Clean_dirty_p2slckaggle-2021-03-06T03:11:46.349170Z/files/154d594e-b2c0-400b-a620-755d96c2483e.jpeg,Normal - 100
TRAIN,gs://p2slckaggle/P2 - Files/export_data-Clean_dirty_p2slckaggle-2021-03-06T03:11:46.349170Z/files/0782f4d4-1c25-4a10-96ce-f09982510868.jpeg,Pneumonia - 300
TEST,gs://p2slckaggle/P2 - Files/export_data-Clean_dirty_p2slckaggle-2021-03-06T03:11:46.349170Z/files/6d7b32f4-35d5-4e9f-90fa-3f56d19453db.jpeg,Pneumonia - 300
TRAIN,gs://p2slckaggle/P2 - Files/export_data-Clean_dirty_p2slckaggle-2021-03-06T03:11:46.349170Z/files/3ccf5a40-ab7c-4e77-a15e-5e439b48c0f3.jpeg,Pneumonia - 300
TRAIN,gs://p2slckaggle/P2 - Files/export_data-Clean_dirty_p2slckaggle-2021-03-06T03:11:46.349170Z/files/b07a16bc-a93b-4da1-a69e-0f6d33674e06.jpeg,Pneumonia - 300
TRAIN,gs://p2slckaggle/P2 - Files/export_data-Clean_dirty_p2slckaggle-2021-03-06T03:11:46.349170Z/files/24cb1b54-0191-4742-b99c-b09dabb7dfb5.jpeg,Normal - 100
TRAIN,gs://p2slckaggle/P2 - Files/export_data-Clean_dirty_p2slckaggle-2021-03-06T03:11:46.349170Z/files/9f3c2f50-40db-4ee2-8817-949b1e345db6.jpeg,Pneumonia - 300
TRAIN,gs://p2slckaggle/P2 - Files/export_data-Clean_dirty_p2slckaggle-2021-03-06T03:11:46.349170Z/files/01ee6769-e187-4e84-8509-9238808925ec.jpeg,Pneumonia - 300
TRAIN,gs://p2slckaggle/P2 - Files/export_data-Clean_dirty_p2slckaggle-2021-03-06T03:11:46.349170Z/files/ec1ba795-283a-496b-9b50-7478f3849c45.jpeg,Pneumonia - 300
TRAIN,gs://p2slckaggle/P2 - Files/export_data-Clean_dirty_p2slckaggle-2021-03-06T03:11:46.349170Z/files/f03d2a15-b5c3-4824-9a6c-99fcacd0811c.jpeg,Pneumonia - 300
TRAIN,gs://p2slckaggle/P2 - Files/export_data-Clean_dirty_p2slckaggle-2021-03-06T03:11:46.349170Z/files/d2186ffc-747b-44b5-816b-9e6d1678eaae.jpeg,Normal - 100
TRAIN,gs://p2slckaggle/P2 - Files/export_data-Clean_dirty_p2slckaggle-2021-03-06T03:11:46.349170Z/files/a7f07b84-7ad0-42f7-97cf-c8ac92ab1aa8.jpeg,Normal - 100
VALIDATION,gs://p2slckaggle/P2 - Files/export_data-Clean_dirty_p2slckaggle-2021-03-06T03:11:46.349170Z/files/911504a8-2ed4-498f-9e3e-50649708d1f4.jpeg,Pneumonia - 300
TRAIN,gs://p2slckaggle/P2 - Files/export_data-Clean_dirty_p2slckaggle-2021-03-06T03:11:46.349170Z/files/1b69f59e-4018-4bd5-a3fc-aa922c7ee56c.jpeg,Pneumonia - 300
TRAIN,gs://p2slckaggle/P2 - Files/export_data-Clean_dirty_p2slckaggle-2021-03-06T03:11:46.349170Z/files/0066b578-5597-4473-ad48-463c5f212028.jpeg,Pneumonia - 300
TEST,gs://p2slckaggle/P2 - Files/export_data-Clean_dirty_p2slckaggle-2021-03-06T03:11:46.349170Z/files/6005209b-627a-4ffb-9ee8-24140decf98a.jpeg,Pneumonia - 300
TRAIN,gs://p2slckaggle/P2 - Files/export_data-Clean_dirty_p2slckaggle-2021-03-06T03:11:46.349170Z/files/7bc3dc3d-ad4a-4d1e-9949-61ec82fd4bbb.jpeg,Pneumonia - 300
TRAIN,gs://p2slckaggle/P2 - Files/export_data-Clean_dirty_p2slckaggle-2021-03-06T03:11:46.349170Z/files/8087f796-2130-438f-80d6-634c9b52649d.jpeg,Pneumonia - 300
TRAIN,gs://p2slckaggle/P2 - Files/export_data-Clean_dirty_p2slckaggle-2021-03-06T03:11:46.349170Z/files/839c6d34-2cf3-4d8f-b0cd-38e85f18913b.jpeg,Pneumonia - 300
VALIDATION,gs://p2slckaggle/P2 - Files/export_data-Clean_dirty_p2slckaggle-2021-03-06T03:11:46.349170Z/files/924cba1e-fe30-40d2-b27d-57e92115e2c1.jpeg,Normal - 100
TRAIN,gs://p2slckaggle/P2 - Files/export_data-Clean_dirty_p2slckaggle-2021-03-06T03:11:46.349170Z/files/df2d3f18-3c3d-4cf9-b672-a7d75f0333b7.jpeg,Normal - 100
TRAIN,gs://p2slckaggle/P2 - Files/export_data-Clean_dirty_p2slckaggle-2021-03-06T03:11:46.349170Z/files/edf42a8a-5c14-4fd1-8df9-71b08c3637cf.jpeg,Pneumonia - 300
TRAIN,gs://p2slckaggle/P2 - Files/export_data-Clean_dirty_p2slckaggle-2021-03-06T03:11:46.349170Z/files/92a882df-4de3-490c-ab8c-525afa61239e.jpeg,Pneumonia - 300
TRAIN,gs://p2slckaggle/P2 - Files/export_data-Clean_dirty_p2slckaggle-2021-03-06T03:11:46.349170Z/files/58f69e0d-c38c-4d31-b42d-07d111a3b0bb.jpeg,Pneumonia - 300
VALIDATION,gs://p2slckaggle/P2 - Files/export_data-Clean_dirty_p2slckaggle-2021-03-06T03:11:46.349170Z/files/c2dbca42-0b47-44ea-887d-f208793785bc.jpeg,Pneumonia - 300
TRAIN,gs://p2slckaggle/P2 - Files/export_data-Clean_dirty_p2slckaggle-2021-03-06T03:11:46.349170Z/files/61208aba-9103-4327-a15c-a8652ac889d0.jpeg,Pneumonia - 300
TRAIN,gs://p2slckaggle/P2 - Files/export_data-Clean_dirty_p2slckaggle-2021-03-06T03:11:46.349170Z/files/33ad0fad-c58e-4f99-ac80-0590e47ce791.jpeg,Pneumonia - 300
TEST,gs://p2slckaggle/P2 - Files/export_data-Clean_dirty_p2slckaggle-2021-03-06T03:11:46.349170Z/files/496d5ee7-eaa6-4f62-8c6f-f54483102c9c.jpeg,Pneumonia - 300
TRAIN,gs://p2slckaggle/P2 - Files/export_data-Clean_dirty_p2slckaggle-2021-03-06T03:11:46.349170Z/files/da278e0c-6b5a-4d3a-b859-c4a1ad4ae5d8.jpeg,Normal - 100
TRAIN,gs://p2slckaggle/P2 - Files/export_data-Clean_dirty_p2slckaggle-2021-03-06T03:11:46.349170Z/files/276d2f33-501e-4d67-9185-b6f477abfd39.jpeg,Pneumonia - 300
TRAIN,gs://p2slckaggle/P2 - Files/export_data-Clean_dirty_p2slckaggle-2021-03-06T03:11:46.349170Z/files/5ad47284-a5fb-4f8d-99a9-967308d8a712.jpeg,Pneumonia - 300
TRAIN,gs://p2slckaggle/P2 - Files/export_data-Clean_dirty_p2slckaggle-2021-03-06T03:11:46.349170Z/files/13e27f0d-368e-4dbd-8926-2f55ec4a989a.jpeg,Pneumonia - 300
TEST,gs://p2slckaggle/P2 - Files/export_data-Clean_dirty_p2slckaggle-2021-03-06T03:11:46.349170Z/files/99406e29-c1e8-4e8c-8135-7e61c1412329.jpeg,Normal - 100
TRAIN,gs://p2slckaggle/P2 - Files/export_data-Clean_dirty_p2slckaggle-2021-03-06T03:11:46.349170Z/files/271e0a74-5d5a-4f9a-9aee-3e5f8c760c7b.jpeg,Pneumonia - 300
TRAIN,gs://p2slckaggle/P2 - Files/export_data-Clean_dirty_p2slckaggle-2021-03-06T03:11:46.349170Z/files/07c5f464-9328-4fff-b32a-099839e069be.jpeg,Pneumonia - 300
TRAIN,gs://p2slckaggle/P2 - Files/export_data-Clean_dirty_p2slckaggle-2021-03-06T03:11:46.349170Z/files/73e66b63-4eaf-4d7b-a40a-5e61fd0fdc6b.jpeg,Normal - 100
TRAIN,gs://p2slckaggle/P2 - Files/export_data-Clean_dirty_p2slckaggle-2021-03-06T03:11:46.349170Z/files/984b5dc1-005e-4f18-a4b8-42a521af84dc.jpeg,Pneumonia - 300
VALIDATION,gs://p2slckaggle/P2 - Files/export_data-Clean_dirty_p2slckaggle-2021-03-06T03:11:46.349170Z/files/4c91d342-b82c-4701-85e0-5d0f07af832a.jpeg,Pneumonia - 300
TRAIN,gs://p2slckaggle/P2 - Files/export_data-Clean_dirty_p2slckaggle-2021-03-06T03:11:46.349170Z/files/d0069892-fa65-48cb-899e-2a6284a4e3f3.jpeg,Normal - 100
TRAIN,gs://p2slckaggle/P2 - Files/export_data-Clean_dirty_p2slckaggle-2021-03-06T03:11:46.349170Z/files/18c8ddb0-91b8-4ae5-92b9-43733eda3d0a.jpeg,Pneumonia - 300
TRAIN,gs://p2slckaggle/P2 - Files/export_data-Clean_dirty_p2slckaggle-2021-03-06T03:11:46.349170Z/files/b4da8497-0562-495a-9a55-69b6e83f78ad.jpeg,Pneumonia - 300
TEST,gs://p2slckaggle/P2 - Files/export_data-Clean_dirty_p2slckaggle-2021-03-06T03:11:46.349170Z/files/f072d1a9-1031-490d-9f7f-c38aa0f73cb5.jpeg,Pneumonia - 300
TRAIN,gs://p2slckaggle/P2 - Files/export_data-Clean_dirty_p2slckaggle-2021-03-06T03:11:46.349170Z/files/48e0406d-5ed2-4246-af28-64603db37a7a.jpeg,Pneumonia - 300
TRAIN,gs://p2slckaggle/P2 - Files/export_data-Clean_dirty_p2slckaggle-2021-03-06T03:11:46.349170Z/files/e0e9ff76-fba6-4578-a64b-2691653c9fb9.jpeg,Pneumonia - 300
TRAIN,gs://p2slckaggle/P2 - Files/export_data-Clean_dirty_p2slckaggle-2021-03-06T03:11:46.349170Z/files/424eea1c-a6fb-4097-9b70-8ab23b44db8d.jpeg,Pneumonia - 300
TRAIN,gs://p2slckaggle/P2 - Files/export_data-Clean_dirty_p2slckaggle-2021-03-06T03:11:46.349170Z/files/a9a81d75-1242-461c-a449-0c01632e2dc3.jpeg,Normal - 100
TRAIN,gs://p2slckaggle/P2 - Files/export_data-Clean_dirty_p2slckaggle-2021-03-06T03:11:46.349170Z/files/0d705556-f0e4-46eb-9784-53f9d63c199a.jpeg,Pneumonia - 300
TRAIN,gs://p2slckaggle/P2 - Files/export_data-Clean_dirty_p2slckaggle-2021-03-06T03:11:46.349170Z/files/877d5fda-3c01-41ec-9489-4ea51c7622d6.jpeg,Pneumonia - 300
TRAIN,gs://p2slckaggle/P2 - Files/export_data-Clean_dirty_p2slckaggle-2021-03-06T03:11:46.349170Z/files/85e761a8-0a04-446a-9901-f83fd045afe7.jpeg,Pneumonia - 300
TRAIN,gs://p2slckaggle/P2 - Files/export_data-Clean_dirty_p2slckaggle-2021-03-06T03:11:46.349170Z/files/3645634b-d460-487e-b11b-563f7b389f38.jpeg,Normal - 100
TRAIN,gs://p2slckaggle/P2 - Files/export_data-Clean_dirty_p2slckaggle-2021-03-06T03:11:46.349170Z/files/48f88a2b-cf51-4308-af57-1be4fc80dcdd.jpeg,Normal - 100
TRAIN,gs://p2slckaggle/P2 - Files/export_data-Clean_dirty_p2slckaggle-2021-03-06T03:11:46.349170Z/files/a4851f75-0abf-4d65-8ab4-6f586f7c45ee.jpeg,Normal - 100
VALIDATION,gs://p2slckaggle/P2 - Files/export_data-Clean_dirty_p2slckaggle-2021-03-06T03:11:46.349170Z/files/c418589b-dd98-41af-99b1-bc428c7962de.jpeg,Pneumonia - 300
TRAIN,gs://p2slckaggle/P2 - Files/export_data-Clean_dirty_p2slckaggle-2021-03-06T03:11:46.349170Z/files/1e186281-2160-4faf-a941-e1c5ad3eba29.jpeg,Pneumonia - 300
VALIDATION,gs://p2slckaggle/P2 - Files/export_data-Clean_dirty_p2slckaggle-2021-03-06T03:11:46.349170Z/files/59f634b7-c500-4329-929e-f9a6e464da1b.jpeg,Normal - 100
TRAIN,gs://p2slckaggle/P2 - Files/export_data-Clean_dirty_p2slckaggle-2021-03-06T03:11:46.349170Z/files/35241fff-5a72-4977-b192-f6a78fd1302b.jpeg,Pneumonia - 300
TEST,gs://p2slckaggle/P2 - Files/export_data-Clean_dirty_p2slckaggle-2021-03-06T03:11:46.349170Z/files/a7138f72-a448-4aa1-9d9a-be3c2e4f2861.jpeg,Pneumonia - 300
TRAIN,gs://p2slckaggle/P2 - Files/export_data-Clean_dirty_p2slckaggle-2021-03-06T03:11:46.349170Z/files/576cbe62-d649-4e74-b34d-1f5a7cc29468.jpeg,Pneumonia - 300
TRAIN,gs://p2slckaggle/P2 - Files/export_data-Clean_dirty_p2slckaggle-2021-03-06T03:11:46.349170Z/files/3e4b46a0-6ee8-48b3-924e-c66b2cf66190.jpeg,Pneumonia - 300
TRAIN,gs://p2slckaggle/P2 - Files/export_data-Clean_dirty_p2slckaggle-2021-03-06T03:11:46.349170Z/files/980df547-e888-4a45-b8e4-16776327e402.jpeg,Pneumonia - 300
TRAIN,gs://p2slckaggle/P2 - Files/export_data-Clean_dirty_p2slckaggle-2021-03-06T03:11:46.349170Z/files/d32d6802-885a-4079-b32b-f2309bcf870e.jpeg,Pneumonia - 300
TRAIN,gs://p2slckaggle/P2 - Files/export_data-Clean_dirty_p2slckaggle-2021-03-06T03:11:46.349170Z/files/6ad728e3-2925-4c52-b3fc-f33bb26aa57a.jpeg,Normal - 100
TRAIN,gs://p2slckaggle/P2 - Files/export_data-Clean_dirty_p2slckaggle-2021-03-06T03:11:46.349170Z/files/5eca360d-998c-400a-9e9f-da6117a1cfd3.jpeg,Normal - 100
TEST,gs://p2slckaggle/P2 - Files/export_data-Clean_dirty_p2slckaggle-2021-03-06T03:11:46.349170Z/files/4f6ad378-9ea9-41f8-947c-972603ee5356.jpeg,Normal - 100
TRAIN,gs://p2slckaggle/P2 - Files/export_data-Clean_dirty_p2slckaggle-2021-03-06T03:11:46.349170Z/files/c1fe532a-7546-40ba-a452-75adf0ad508f.jpeg,Pneumonia - 300
TRAIN,gs://p2slckaggle/P2 - Files/export_data-Clean_dirty_p2slckaggle-2021-03-06T03:11:46.349170Z/files/0e2483f0-7f26-4880-aca4-66b6b8a93413.jpeg,Pneumonia - 300
VALIDATION,gs://p2slckaggle/P2 - Files/export_data-Clean_dirty_p2slckaggle-2021-03-06T03:11:46.349170Z/files/c47163a4-8913-4777-81bf-1e235359adb6.jpeg,Pneumonia - 300
TRAIN,gs://p2slckaggle/P2 - Files/export_data-Clean_dirty_p2slckaggle-2021-03-06T03:11:46.349170Z/files/427660f3-3439-4ca6-a820-3e017da98475.jpeg,Pneumonia - 300
TRAIN,gs://p2slckaggle/P2 - Files/export_data-Clean_dirty_p2slckaggle-2021-03-06T03:11:46.349170Z/files/37190895-fbf2-4b90-bd95-059fa69e33a1.jpeg,Normal - 100
TRAIN,gs://p2slckaggle/P2 - Files/export_data-Clean_dirty_p2slckaggle-2021-03-06T03:11:46.349170Z/files/5ee5c0d7-06c4-4f4e-8e06-ab807d09f60e.jpeg,Pneumonia - 300
TRAIN,gs://p2slckaggle/P2 - Files/export_data-Clean_dirty_p2slckaggle-2021-03-06T03:11:46.349170Z/files/30693c42-84d0-46b2-a930-3fce61029c96.jpeg,Normal - 100
TEST,gs://p2slckaggle/P2 - Files/export_data-Clean_dirty_p2slckaggle-2021-03-06T03:11:46.349170Z/files/fdcbfad1-3071-43f4-8af8-e1fc62bcfcc2.jpeg,Pneumonia - 300
TRAIN,gs://p2slckaggle/P2 - Files/export_data-Clean_dirty_p2slckaggle-2021-03-06T03:11:46.349170Z/files/662b006a-729f-4b5d-8da9-9920e7aae8b7.jpeg,Pneumonia - 300
TRAIN,gs://p2slckaggle/P2 - Files/export_data-Clean_dirty_p2slckaggle-2021-03-06T03:11:46.349170Z/files/23abb487-fa53-45f5-97ed-e30961a9bad2.jpeg,Pneumonia - 300
TRAIN,gs://p2slckaggle/P2 - Files/export_data-Clean_dirty_p2slckaggle-2021-03-06T03:11:46.349170Z/files/e6908c5d-7aa6-4f60-834c-9a4ea80c614c.jpeg,Pneumonia - 300
TRAIN,gs://p2slckaggle/P2 - Files/export_data-Clean_dirty_p2slckaggle-2021-03-06T03:11:46.349170Z/files/54f8ae23-023c-4f99-81d0-8977e6767bf8.jpeg,Pneumonia - 300
TRAIN,gs://p2slckaggle/P2 - Files/export_data-Clean_dirty_p2slckaggle-2021-03-06T03:11:46.349170Z/files/3aa7f1ec-c449-4524-a214-b8ea68299d1a.jpeg,Pneumonia - 300
TRAIN,gs://p2slckaggle/P2 - Files/export_data-Clean_dirty_p2slckaggle-2021-03-06T03:11:46.349170Z/files/922ccfd5-79ad-416a-956e-b4be01d14f16.jpeg,Normal - 100
TRAIN,gs://p2slckaggle/P2 - Files/export_data-Clean_dirty_p2slckaggle-2021-03-06T03:11:46.349170Z/files/a6e52120-7593-4b09-aef4-7a35a02354cb.jpeg,Pneumonia - 300
VALIDATION,gs://p2slckaggle/P2 - Files/export_data-Clean_dirty_p2slckaggle-2021-03-06T03:11:46.349170Z/files/803a470f-331c-4c4d-9136-4117c2e8256d.jpeg,Pneumonia - 300
TRAIN,gs://p2slckaggle/P2 - Files/export_data-Clean_dirty_p2slckaggle-2021-03-06T03:11:46.349170Z/files/13dbaca4-8c39-4f3a-9c83-5e8661cdb79a.jpeg,Pneumonia - 300
TRAIN,gs://p2slckaggle/P2 - Files/export_data-Clean_dirty_p2slckaggle-2021-03-06T03:11:46.349170Z/files/3269822c-54e5-489f-b401-df02ebe9fd64.jpeg,Pneumonia - 300
TRAIN,gs://p2slckaggle/P2 - Files/export_data-Clean_dirty_p2slckaggle-2021-03-06T03:11:46.349170Z/files/685bc9e6-9863-4706-9044-a14472b448c0.jpeg,Normal - 100
TEST,gs://p2slckaggle/P2 - Files/export_data-Clean_dirty_p2slckaggle-2021-03-06T03:11:46.349170Z/files/21280bae-5664-4da3-a95c-f017a0f75a03.jpeg,Pneumonia - 300
TRAIN,gs://p2slckaggle/P2 - Files/export_data-Clean_dirty_p2slckaggle-2021-03-06T03:11:46.349170Z/files/813b1000-4c7c-4365-bbd2-7d38795a1a50.jpeg,Pneumonia - 300
TRAIN,gs://p2slckaggle/P2 - Files/export_data-Clean_dirty_p2slckaggle-2021-03-06T03:11:46.349170Z/files/d16caea9-6308-4ebc-acef-37b164c8995f.jpeg,Pneumonia - 300
TRAIN,gs://p2slckaggle/P2 - Files/export_data-Clean_dirty_p2slckaggle-2021-03-06T03:11:46.349170Z/files/b7c3edbd-64bb-43ba-809e-09ecb6ea6444.jpeg,Normal - 100
TRAIN,gs://p2slckaggle/P2 - Files/export_data-Clean_dirty_p2slckaggle-2021-03-06T03:11:46.349170Z/files/ce2b219a-f43b-4b1a-ba1d-1ec2bee9dd50.jpeg,Pneumonia - 300
TRAIN,gs://p2slckaggle/P2 - Files/export_data-Clean_dirty_p2slckaggle-2021-03-06T03:11:46.349170Z/files/1411e034-1183-4387-9fe6-3dd61ea924ea.jpeg,Pneumonia - 300
TRAIN,gs://p2slckaggle/P2 - Files/export_data-Clean_dirty_p2slckaggle-2021-03-06T03:11:46.349170Z/files/e3a77afb-6eea-4c6f-8a07-c8cf28e7c792.jpeg,Pneumonia - 300
TRAIN,gs://p2slckaggle/P2 - Files/export_data-Clean_dirty_p2slckaggle-2021-03-06T03:11:46.349170Z/files/5a01ee60-2173-4b82-9983-2621c56fdbdf.jpeg,Normal - 100
TRAIN,gs://p2slckaggle/P2 - Files/export_data-Clean_dirty_p2slckaggle-2021-03-06T03:11:46.349170Z/files/f9ea190e-2631-4b7f-a1b9-35a8f47f28e6.jpeg,Pneumonia - 300
VALIDATION,gs://p2slckaggle/P2 - Files/export_data-Clean_dirty_p2slckaggle-2021-03-06T03:11:46.349170Z/files/40393bf5-e899-4d45-bf93-9cbbd13ceefb.jpeg,Normal - 100
VALIDATION,gs://p2slckaggle/P2 - Files/export_data-Clean_dirty_p2slckaggle-2021-03-06T03:11:46.349170Z/files/3d827f11-617d-4b41-bd47-11a20156a558.jpeg,Pneumonia - 300
TRAIN,gs://p2slckaggle/P2 - Files/export_data-Clean_dirty_p2slckaggle-2021-03-06T03:11:46.349170Z/files/2a27abcb-d3ca-4fc3-9d6d-2189f57c80bc.jpeg,Normal - 100
TRAIN,gs://p2slckaggle/P2 - Files/export_data-Clean_dirty_p2slckaggle-2021-03-06T03:11:46.349170Z/files/6d7f516e-93b1-4e1f-88b4-fde6bc4fe928.jpeg,Pneumonia - 300
TRAIN,gs://p2slckaggle/P2 - Files/export_data-Clean_dirty_p2slckaggle-2021-03-06T03:11:46.349170Z/files/742bdf3c-8f48-454f-b3e2-5e6592c67eb8.jpeg,Pneumonia - 300
TEST,gs://p2slckaggle/P2 - Files/export_data-Clean_dirty_p2slckaggle-2021-03-06T03:11:46.349170Z/files/7c5187ed-8192-469e-9bfb-41b0a605ff95.jpeg,Pneumonia - 300
TRAIN,gs://p2slckaggle/P2 - Files/export_data-Clean_dirty_p2slckaggle-2021-03-06T03:11:46.349170Z/files/0453aca3-bdb1-4924-811a-f7899aea16a7.jpeg,Normal - 100
TRAIN,gs://p2slckaggle/P2 - Files/export_data-Clean_dirty_p2slckaggle-2021-03-06T03:11:46.349170Z/files/af25e7e5-25a1-4ca1-ae74-c6f451b69804.jpeg,Pneumonia - 300
TRAIN,gs://p2slckaggle/P2 - Files/export_data-Clean_dirty_p2slckaggle-2021-03-06T03:11:46.349170Z/files/61683e1d-028b-403f-ae9e-8664cb2cc118.jpeg,Pneumonia - 300
TRAIN,gs://p2slckaggle/P2 - Files/export_data-Clean_dirty_p2slckaggle-2021-03-06T03:11:46.349170Z/files/0ce3582d-dd44-41c5-a11a-d12309f60add.jpeg,Pneumonia - 300
TRAIN,gs://p2slckaggle/P2 - Files/export_data-Clean_dirty_p2slckaggle-2021-03-06T03:11:46.349170Z/files/64503f64-f490-4d80-9052-b39c0a1a2b62.jpeg,Pneumonia - 300
TRAIN,gs://p2slckaggle/P2 - Files/export_data-Clean_dirty_p2slckaggle-2021-03-06T03:11:46.349170Z/files/744254eb-581b-4a12-9928-5f7aac0f0eb8.jpeg,Pneumonia - 300
TEST,gs://p2slckaggle/P2 - Files/export_data-Clean_dirty_p2slckaggle-2021-03-06T03:11:46.349170Z/files/b4bc77a3-b33d-4450-8570-37d0fa7923f3.jpeg,Normal - 100
TRAIN,gs://p2slckaggle/P2 - Files/export_data-Clean_dirty_p2slckaggle-2021-03-06T03:11:46.349170Z/files/6db3c12c-978e-4981-8bc7-a1879c7ea0bf.jpeg,Pneumonia - 300
VALIDATION,gs://p2slckaggle/P2 - Files/export_data-Clean_dirty_p2slckaggle-2021-03-06T03:11:46.349170Z/files/931f5ec2-33cb-4feb-a443-d8a11d410510.jpeg,Pneumonia - 300
TRAIN,gs://p2slckaggle/P2 - Files/export_data-Clean_dirty_p2slckaggle-2021-03-06T03:11:46.349170Z/files/a2264491-381b-4863-a965-21c797f760e0.jpeg,Normal - 100
TRAIN,gs://p2slckaggle/P2 - Files/export_data-Clean_dirty_p2slckaggle-2021-03-06T03:11:46.349170Z/files/f6b7e223-18e3-47c2-a708-f97ad037bf29.jpeg,Pneumonia - 300
TRAIN,gs://p2slckaggle/P2 - Files/export_data-Clean_dirty_p2slckaggle-2021-03-06T03:11:46.349170Z/files/ab2470fb-6972-421a-a8fd-26f9f4c88abe.jpeg,Pneumonia - 300
TEST,gs://p2slckaggle/P2 - Files/export_data-Clean_dirty_p2slckaggle-2021-03-06T03:11:46.349170Z/files/6de12180-d5a3-4878-a55e-1369e4aba625.jpeg,Pneumonia - 300
TRAIN,gs://p2slckaggle/P2 - Files/export_data-Clean_dirty_p2slckaggle-2021-03-06T03:11:46.349170Z/files/b09ea0c3-5025-44b3-a4c0-dc82ac469178.jpeg,Normal - 100
TRAIN,gs://p2slckaggle/P2 - Files/export_data-Clean_dirty_p2slckaggle-2021-03-06T03:11:46.349170Z/files/e481aed6-6c04-4698-ba15-48d859a57e0a.jpeg,Pneumonia - 300
TRAIN,gs://p2slckaggle/P2 - Files/export_data-Clean_dirty_p2slckaggle-2021-03-06T03:11:46.349170Z/files/a7a23336-0e4a-495c-95e5-98f6e5d19dc8.jpeg,Normal - 100
TRAIN,gs://p2slckaggle/P2 - Files/export_data-Clean_dirty_p2slckaggle-2021-03-06T03:11:46.349170Z/files/b531aba1-aacd-4f79-91b3-21f82c64e16c.jpeg,Pneumonia - 300
TRAIN,gs://p2slckaggle/P2 - Files/export_data-Clean_dirty_p2slckaggle-2021-03-06T03:11:46.349170Z/files/4551cdff-b452-4b03-b918-19f6f0b04ae8.jpeg,Normal - 100
TRAIN,gs://p2slckaggle/P2 - Files/export_data-Clean_dirty_p2slckaggle-2021-03-06T03:11:46.349170Z/files/7b207c59-9846-473d-88d5-e9ea83e3a56c.jpeg,Pneumonia - 300
TRAIN,gs://p2slckaggle/P2 - Files/export_data-Clean_dirty_p2slckaggle-2021-03-06T03:11:46.349170Z/files/7d1afcf0-c24c-4707-afc5-d6eab53a473e.jpeg,Pneumonia - 300
TRAIN,gs://p2slckaggle/P2 - Files/export_data-Clean_dirty_p2slckaggle-2021-03-06T03:11:46.349170Z/files/a0694a72-ba25-466a-b771-5aaddd9f8fc7.jpeg,Pneumonia - 300
TRAIN,gs://p2slckaggle/P2 - Files/export_data-Clean_dirty_p2slckaggle-2021-03-06T03:11:46.349170Z/files/24ae9ceb-ad3f-4166-815d-7a95f87827cb.jpeg,Pneumonia - 300
VALIDATION,gs://p2slckaggle/P2 - Files/export_data-Clean_dirty_p2slckaggle-2021-03-06T03:11:46.349170Z/files/885d2298-bfab-4c4e-85d3-08821d6bd152.jpeg,Pneumonia - 300
TRAIN,gs://p2slckaggle/P2 - Files/export_data-Clean_dirty_p2slckaggle-2021-03-06T03:11:46.349170Z/files/98064299-224f-42a9-982b-3ab3b5ef8395.jpeg,Pneumonia - 300
TRAIN,gs://p2slckaggle/P2 - Files/export_data-Clean_dirty_p2slckaggle-2021-03-06T03:11:46.349170Z/files/e37aa7bc-ac78-42ba-8d07-5e2cf504b635.jpeg,Normal - 100
TRAIN,gs://p2slckaggle/P2 - Files/export_data-Clean_dirty_p2slckaggle-2021-03-06T03:11:46.349170Z/files/57058a86-288d-4a2a-81eb-36f3c97cb2ef.jpeg,Pneumonia - 300
TEST,gs://p2slckaggle/P2 - Files/export_data-Clean_dirty_p2slckaggle-2021-03-06T03:11:46.349170Z/files/58617065-8863-46cd-9637-b45d6a59d835.jpeg,Pneumonia - 300
TRAIN,gs://p2slckaggle/P2 - Files/export_data-Clean_dirty_p2slckaggle-2021-03-06T03:11:46.349170Z/files/5addce5a-126e-4a9f-b55d-f14e62e1f1d8.jpeg,Normal - 100
TRAIN,gs://p2slckaggle/P2 - Files/export_data-Clean_dirty_p2slckaggle-2021-03-06T03:11:46.349170Z/files/d27a5e15-5bfc-46ca-864e-db42252e7131.jpeg,Pneumonia - 300
TRAIN,gs://p2slckaggle/P2 - Files/export_data-Clean_dirty_p2slckaggle-2021-03-06T03:11:46.349170Z/files/8bbba0f4-e8b1-4375-b8b2-ef5f9429dc55.jpeg,Pneumonia - 300
TRAIN,gs://p2slckaggle/P2 - Files/export_data-Clean_dirty_p2slckaggle-2021-03-06T03:11:46.349170Z/files/2ee26272-b18c-4eec-b191-450bda5857b9.jpeg,Pneumonia - 300
VALIDATION,gs://p2slckaggle/P2 - Files/export_data-Clean_dirty_p2slckaggle-2021-03-06T03:11:46.349170Z/files/6b676362-0ad0-422a-b7da-c6d8d6c9439f.jpeg,Normal - 100
TRAIN,gs://p2slckaggle/P2 - Files/export_data-Clean_dirty_p2slckaggle-2021-03-06T03:11:46.349170Z/files/3466301d-6c9d-4cff-a600-815ba1154e8f.jpeg,Pneumonia - 300
TRAIN,gs://p2slckaggle/P2 - Files/export_data-Clean_dirty_p2slckaggle-2021-03-06T03:11:46.349170Z/files/5827b77c-e565-48a2-99d6-fdd6567d3631.jpeg,Pneumonia - 300
TRAIN,gs://p2slckaggle/P2 - Files/export_data-Clean_dirty_p2slckaggle-2021-03-06T03:11:46.349170Z/files/bd7a44f5-8b63-468b-815e-877b34ceb7a4.jpeg,Pneumonia - 300
VALIDATION,gs://p2slckaggle/P2 - Files/export_data-Clean_dirty_p2slckaggle-2021-03-06T03:11:46.349170Z/files/99883941-eb3f-482e-9221-1979a4670051.jpeg,Pneumonia - 300
TRAIN,gs://p2slckaggle/P2 - Files/export_data-Clean_dirty_p2slckaggle-2021-03-06T03:11:46.349170Z/files/e32a1f2e-04e5-4e39-b332-76048e6ba33c.jpeg,Pneumonia - 300
TRAIN,gs://p2slckaggle/P2 - Files/export_data-Clean_dirty_p2slckaggle-2021-03-06T03:11:46.349170Z/files/0aa9379f-2f20-49e0-9ef7-3040361e7dc5.jpeg,Pneumonia - 300
TEST,gs://p2slckaggle/P2 - Files/export_data-Clean_dirty_p2slckaggle-2021-03-06T03:11:46.349170Z/files/c0f8e39f-93f9-4416-aa4f-4003e73f96c2.jpeg,Pneumonia - 300
TRAIN,gs://p2slckaggle/P2 - Files/export_data-Clean_dirty_p2slckaggle-2021-03-06T03:11:46.349170Z/files/c3514d31-cf68-4185-94d9-3bb14235923f.jpeg,Normal - 100
TRAIN,gs://p2slckaggle/P2 - Files/export_data-Clean_dirty_p2slckaggle-2021-03-06T03:11:46.349170Z/files/1cc7ea6f-1fcd-4454-b510-c7f9506e1e22.jpeg,Pneumonia - 300
TRAIN,gs://p2slckaggle/P2 - Files/export_data-Clean_dirty_p2slckaggle-2021-03-06T03:11:46.349170Z/files/f0b9aac8-b08a-46cf-b6b7-285ba77f68ca.jpeg,Normal - 100
TRAIN,gs://p2slckaggle/P2 - Files/export_data-Clean_dirty_p2slckaggle-2021-03-06T03:11:46.349170Z/files/d69900ba-7055-47fa-9d0b-ea080ecb715a.jpeg,Pneumonia - 300
TEST,gs://p2slckaggle/P2 - Files/export_data-Clean_dirty_p2slckaggle-2021-03-06T03:11:46.349170Z/files/277a572e-f8fb-4151-9125-3026d92bc95c.jpeg,Normal - 100
TRAIN,gs://p2slckaggle/P2 - Files/export_data-Clean_dirty_p2slckaggle-2021-03-06T03:11:46.349170Z/files/3e432346-7d7c-4c47-ba2b-ac911e7e15b3.jpeg,Pneumonia - 300
TRAIN,gs://p2slckaggle/P2 - Files/export_data-Clean_dirty_p2slckaggle-2021-03-06T03:11:46.349170Z/files/848135be-53ac-456e-92ef-0b38c622a81e.jpeg,Pneumonia - 300
TRAIN,gs://p2slckaggle/P2 - Files/export_data-Clean_dirty_p2slckaggle-2021-03-06T03:11:46.349170Z/files/923cdfa3-3a50-41bf-8886-11f50e55ea44.jpeg,Pneumonia - 300
TRAIN,gs://p2slckaggle/P2 - Files/export_data-Clean_dirty_p2slckaggle-2021-03-06T03:11:46.349170Z/files/0badf801-23f2-428b-b6e1-291e62d6ba24.jpeg,Normal - 100
TRAIN,gs://p2slckaggle/P2 - Files/export_data-Clean_dirty_p2slckaggle-2021-03-06T03:11:46.349170Z/files/1359f88f-8a3c-4262-9c85-8c4d057f0ec6.jpeg,Pneumonia - 300
VALIDATION,gs://p2slckaggle/P2 - Files/export_data-Clean_dirty_p2slckaggle-2021-03-06T03:11:46.349170Z/files/a150ee6c-aedf-4b0e-86d6-d79507df657f.jpeg,Pneumonia - 300
TRAIN,gs://p2slckaggle/P2 - Files/export_data-Clean_dirty_p2slckaggle-2021-03-06T03:11:46.349170Z/files/49775835-e65c-4129-b17e-6aa3485d9eee.jpeg,Normal - 100
TRAIN,gs://p2slckaggle/P2 - Files/export_data-Clean_dirty_p2slckaggle-2021-03-06T03:11:46.349170Z/files/90aee122-db49-40e9-82b1-ec37737046f3.jpeg,Normal - 100
TRAIN,gs://p2slckaggle/P2 - Files/export_data-Clean_dirty_p2slckaggle-2021-03-06T03:11:46.349170Z/files/193e87de-6f67-4792-8a8b-1aca3881c4d9.jpeg,Pneumonia - 300
TRAIN,gs://p2slckaggle/P2 - Files/export_data-Clean_dirty_p2slckaggle-2021-03-06T03:11:46.349170Z/files/6a82b8ec-83a8-4f25-97d9-fc4f750e8c9c.jpeg,Pneumonia - 300
TEST,gs://p2slckaggle/P2 - Files/export_data-Clean_dirty_p2slckaggle-2021-03-06T03:11:46.349170Z/files/5acb5575-5aa3-4d09-a76e-58f00c386039.jpeg,Pneumonia - 300
TRAIN,gs://p2slckaggle/P2 - Files/export_data-Clean_dirty_p2slckaggle-2021-03-06T03:11:46.349170Z/files/72303be0-2c09-4353-a537-8adb7401a8a0.jpeg,Pneumonia - 300
TRAIN,gs://p2slckaggle/P2 - Files/export_data-Clean_dirty_p2slckaggle-2021-03-06T03:11:46.349170Z/files/ec7dbd64-46ef-4929-9604-3b0ab706d1ce.jpeg,Pneumonia - 300
TRAIN,gs://p2slckaggle/P2 - Files/export_data-Clean_dirty_p2slckaggle-2021-03-06T03:11:46.349170Z/files/d181f7ed-9f0e-421d-9d54-24ef0779d30c.jpeg,Pneumonia - 300
TRAIN,gs://p2slckaggle/P2 - Files/export_data-Clean_dirty_p2slckaggle-2021-03-06T03:11:46.349170Z/files/8d2bb1d5-e73a-4a60-b32b-739917fac11a.jpeg,Normal - 100
TRAIN,gs://p2slckaggle/P2 - Files/export_data-Clean_dirty_p2slckaggle-2021-03-06T03:11:46.349170Z/files/addfed34-715f-4ef4-a483-3e107f3c4fe5.jpeg,Pneumonia - 300
TRAIN,gs://p2slckaggle/P2 - Files/export_data-Clean_dirty_p2slckaggle-2021-03-06T03:11:46.349170Z/files/660de51a-2d2a-4bba-986f-abdd821cb65d.jpeg,Pneumonia - 300
TRAIN,gs://p2slckaggle/P2 - Files/export_data-Clean_dirty_p2slckaggle-2021-03-06T03:11:46.349170Z/files/7840a715-ab0e-4cb5-8d2c-744c3a7e9eb3.jpeg,Pneumonia - 300
TRAIN,gs://p2slckaggle/P2 - Files/export_data-Clean_dirty_p2slckaggle-2021-03-06T03:11:46.349170Z/files/fa4a7989-ede9-4d61-9186-b85e6875aa95.jpeg,Normal - 100
VALIDATION,gs://p2slckaggle/P2 - Files/export_data-Clean_dirty_p2slckaggle-2021-03-06T03:11:46.349170Z/files/f8245a4a-b641-427b-8255-7ae9fba77518.jpeg,Pneumonia - 300
TRAIN,gs://p2slckaggle/P2 - Files/export_data-Clean_dirty_p2slckaggle-2021-03-06T03:11:46.349170Z/files/d9fd11f0-ba4e-4cf0-98bc-9917d75e623b.jpeg,Pneumonia - 300
TRAIN,gs://p2slckaggle/P2 - Files/export_data-Clean_dirty_p2slckaggle-2021-03-06T03:11:46.349170Z/files/bbd1c826-9db2-458e-b35a-4b7c990fecb9.jpeg,Pneumonia - 300
TEST,gs://p2slckaggle/P2 - Files/export_data-Clean_dirty_p2slckaggle-2021-03-06T03:11:46.349170Z/files/b682b75e-2f70-4160-b63a-9bd05197defc.jpeg,Pneumonia - 300
TRAIN,gs://p2slckaggle/P2 - Files/export_data-Clean_dirty_p2slckaggle-2021-03-06T03:11:46.349170Z/files/d4bdf22c-54c5-4cbd-b4bd-fc46207cf818.jpeg,Normal - 100
TRAIN,gs://p2slckaggle/P2 - Files/export_data-Clean_dirty_p2slckaggle-2021-03-06T03:11:46.349170Z/files/fd39d126-57d2-481d-a64c-f90b585c2cbb.jpeg,Pneumonia - 300
TRAIN,gs://p2slckaggle/P2 - Files/export_data-Clean_dirty_p2slckaggle-2021-03-06T03:11:46.349170Z/files/2b415232-5ba7-476d-a513-8a78b5ff6a41.jpeg,Pneumonia - 300
TRAIN,gs://p2slckaggle/P2 - Files/export_data-Clean_dirty_p2slckaggle-2021-03-06T03:11:46.349170Z/files/cf8d3c80-3767-47e0-b07c-3ca8530ea3d5.jpeg,Pneumonia - 300
TRAIN,gs://p2slckaggle/P2 - Files/export_data-Clean_dirty_p2slckaggle-2021-03-06T03:11:46.349170Z/files/72070533-7f29-4302-88c3-19579bbd7c56.jpeg,Pneumonia - 300
TRAIN,gs://p2slckaggle/P2 - Files/export_data-Clean_dirty_p2slckaggle-2021-03-06T03:11:46.349170Z/files/2a46f3c5-859f-46ad-8f6a-7a9a4c0c8234.jpeg,Pneumonia - 300
VALIDATION,gs://p2slckaggle/P2 - Files/export_data-Clean_dirty_p2slckaggle-2021-03-06T03:11:46.349170Z/files/c655c646-82e3-4995-96ce-00ea6bbfa03f.jpeg,Normal - 100
TRAIN,gs://p2slckaggle/P2 - Files/export_data-Clean_dirty_p2slckaggle-2021-03-06T03:11:46.349170Z/files/e57ca311-0d5d-42e3-94e9-fe8c7d28aa68.jpeg,Normal - 100
TRAIN,gs://p2slckaggle/P2 - Files/export_data-Clean_dirty_p2slckaggle-2021-03-06T03:11:46.349170Z/files/cb3d26a4-ea8b-4380-960c-a85f30a74145.jpeg,Pneumonia - 300
TRAIN,gs://p2slckaggle/P2 - Files/export_data-Clean_dirty_p2slckaggle-2021-03-06T03:11:46.349170Z/files/681dbf3d-1187-4bc1-be65-a2c8ba303cd7.jpeg,Normal - 100
VALIDATION,gs://p2slckaggle/P2 - Files/export_data-Clean_dirty_p2slckaggle-2021-03-06T03:11:46.349170Z/files/fd95dfd7-060d-4825-8ceb-09fd7a6ed0da.jpeg,Pneumonia - 300
TRAIN,gs://p2slckaggle/P2 - Files/export_data-Clean_dirty_p2slckaggle-2021-03-06T03:11:46.349170Z/files/81f42d79-6842-4619-9e96-8bfd470a5b5a.jpeg,Pneumonia - 300
TRAIN,gs://p2slckaggle/P2 - Files/export_data-Clean_dirty_p2slckaggle-2021-03-06T03:11:46.349170Z/files/d4c3d985-0f15-4316-80ca-11bed8b5eb58.jpeg,Pneumonia - 300
TEST,gs://p2slckaggle/P2 - Files/export_data-Clean_dirty_p2slckaggle-2021-03-06T03:11:46.349170Z/files/ebfaff99-7165-46a4-b3c0-32acfc4c3f27.jpeg,Pneumonia - 300
TEST,gs://p2slckaggle/P2 - Files/export_data-Clean_dirty_p2slckaggle-2021-03-06T03:11:46.349170Z/files/c696d998-d128-4623-b7ec-bea12e29505f.jpeg,Normal - 100
TRAIN,gs://p2slckaggle/P2 - Files/export_data-Clean_dirty_p2slckaggle-2021-03-06T03:11:46.349170Z/files/edca33c0-f7dc-4274-a6bb-7b49f3fe7864.jpeg,Pneumonia - 300
TRAIN,gs://p2slckaggle/P2 - Files/export_data-Clean_dirty_p2slckaggle-2021-03-06T03:11:46.349170Z/files/10040763-bd18-4549-826a-b6286de5e224.jpeg,Pneumonia - 300
TRAIN,gs://p2slckaggle/P2 - Files/export_data-Clean_dirty_p2slckaggle-2021-03-06T03:11:46.349170Z/files/675361df-c8ec-4c8b-ac4d-3c3a1540fbcc.jpeg,Pneumonia - 300
TRAIN,gs://p2slckaggle/P2 - Files/export_data-Clean_dirty_p2slckaggle-2021-03-06T03:11:46.349170Z/files/8e66472d-480a-4a46-8183-700219da4e8a.jpeg,Pneumonia - 300
TRAIN,gs://p2slckaggle/P2 - Files/export_data-Clean_dirty_p2slckaggle-2021-03-06T03:11:46.349170Z/files/945479ac-5071-4ea5-8ea3-7c07622584af.jpeg,Pneumonia - 300
TRAIN,gs://p2slckaggle/P2 - Files/export_data-Clean_dirty_p2slckaggle-2021-03-06T03:11:46.349170Z/files/75db9e47-fe07-41e4-8376-1bc575aa4b87.jpeg,Pneumonia - 300
TRAIN,gs://p2slckaggle/P2 - Files/export_data-Clean_dirty_p2slckaggle-2021-03-06T03:11:46.349170Z/files/5a795ec2-daca-4b71-ab98-8a5a5039a0ac.jpeg,Normal - 100
TRAIN,gs://p2slckaggle/P2 - Files/export_data-Clean_dirty_p2slckaggle-2021-03-06T03:11:46.349170Z/files/605e784c-3708-419f-820a-9d7d047f0b10.jpeg,Normal - 100
VALIDATION,gs://p2slckaggle/P2 - Files/export_data-Clean_dirty_p2slckaggle-2021-03-06T03:11:46.349170Z/files/360198c1-19f7-416c-90d8-b6c8617c3801.jpeg,Pneumonia - 300
TRAIN,gs://p2slckaggle/P2 - Files/export_data-Clean_dirty_p2slckaggle-2021-03-06T03:11:46.349170Z/files/80d8964c-bfb0-42d4-b3c1-6ee6d140fe57.jpeg,Pneumonia - 300
TRAIN,gs://p2slckaggle/P2 - Files/export_data-Clean_dirty_p2slckaggle-2021-03-06T03:11:46.349170Z/files/98624db7-a0d4-4724-82bf-78e5b063b2f2.jpeg,Pneumonia - 300
TEST,gs://p2slckaggle/P2 - Files/export_data-Clean_dirty_p2slckaggle-2021-03-06T03:11:46.349170Z/files/b0c9214e-4ceb-427c-93a1-48a1634b4ace.jpeg,Pneumonia - 300
TRAIN,gs://p2slckaggle/P2 - Files/export_data-Clean_dirty_p2slckaggle-2021-03-06T03:11:46.349170Z/files/69ad4ef4-8fe4-4d40-9a4f-fc3e1d9293cd.jpeg,Pneumonia - 300
TRAIN,gs://p2slckaggle/P2 - Files/export_data-Clean_dirty_p2slckaggle-2021-03-06T03:11:46.349170Z/files/db8d7fe9-3f79-48a3-b9eb-c10d7be84ad5.jpeg,Pneumonia - 300
TRAIN,gs://p2slckaggle/P2 - Files/export_data-Clean_dirty_p2slckaggle-2021-03-06T03:11:46.349170Z/files/a279f924-2fe9-4fd9-984b-6d3a2a00c5a5.jpeg,Pneumonia - 300
TRAIN,gs://p2slckaggle/P2 - Files/export_data-Clean_dirty_p2slckaggle-2021-03-06T03:11:46.349170Z/files/1deea3ea-cad3-4ed7-902c-eabf7c19bfbb.jpeg,Pneumonia - 300
TRAIN,gs://p2slckaggle/P2 - Files/export_data-Clean_dirty_p2slckaggle-2021-03-06T03:11:46.349170Z/files/c9391463-ed38-4331-9d4e-b243c76c0459.jpeg,Normal - 100
TRAIN,gs://p2slckaggle/P2 - Files/export_data-Clean_dirty_p2slckaggle-2021-03-06T03:11:46.349170Z/files/575f12f2-b415-4c8b-b730-b375985bfc7e.jpeg,Pneumonia - 300
TRAIN,gs://p2slckaggle/P2 - Files/export_data-Clean_dirty_p2slckaggle-2021-03-06T03:11:46.349170Z/files/5fc573b7-0a04-4315-b4bb-03815259d0dd.jpeg,Pneumonia - 300
VALIDATION,gs://p2slckaggle/P2 - Files/export_data-Clean_dirty_p2slckaggle-2021-03-06T03:11:46.349170Z/files/6d30d774-2791-42c2-bb3d-2abc39a9795a.jpeg,Pneumonia - 300
TRAIN,gs://p2slckaggle/P2 - Files/export_data-Clean_dirty_p2slckaggle-2021-03-06T03:11:46.349170Z/files/413833d4-866f-4cb7-8203-a32d9d09d6b1.jpeg,Pneumonia - 300
TRAIN,gs://p2slckaggle/P2 - Files/export_data-Clean_dirty_p2slckaggle-2021-03-06T03:11:46.349170Z/files/6c5ad61c-fd73-45ea-8a17-4423878d17e2.jpeg,Pneumonia - 300
TEST,gs://p2slckaggle/P2 - Files/export_data-Clean_dirty_p2slckaggle-2021-03-06T03:11:46.349170Z/files/8c77d57d-fee7-4a8b-852c-74ca1ab7bb32.jpeg,Pneumonia - 300
TRAIN,gs://p2slckaggle/P2 - Files/export_data-Clean_dirty_p2slckaggle-2021-03-06T03:11:46.349170Z/files/4399b020-6a71-407c-8ce0-711fae3b8789.jpeg,Pneumonia - 300
TRAIN,gs://p2slckaggle/P2 - Files/export_data-Clean_dirty_p2slckaggle-2021-03-06T03:11:46.349170Z/files/aec1258d-53e8-4174-a099-f29e2bd3783f.jpeg,Pneumonia - 300
TRAIN,gs://p2slckaggle/P2 - Files/export_data-Clean_dirty_p2slckaggle-2021-03-06T03:11:46.349170Z/files/23d8acdf-08c6-4763-ad82-fb134672d6eb.jpeg,Pneumonia - 300
TRAIN,gs://p2slckaggle/P2 - Files/export_data-Clean_dirty_p2slckaggle-2021-03-06T03:11:46.349170Z/files/5796aad4-cb3e-4b35-870e-b0f0079774b0.jpeg,Pneumonia - 300
TRAIN,gs://p2slckaggle/P2 - Files/export_data-Clean_dirty_p2slckaggle-2021-03-06T03:11:46.349170Z/files/35781375-f80a-4652-b681-525a8e2359f2.jpeg,Pneumonia - 300
TRAIN,gs://p2slckaggle/P2 - Files/export_data-Clean_dirty_p2slckaggle-2021-03-06T03:11:46.349170Z/files/38bc05b9-91ca-42fa-b76f-dd9ffe011407.jpeg,Pneumonia - 300
VALIDATION,gs://p2slckaggle/P2 - Files/export_data-Clean_dirty_p2slckaggle-2021-03-06T03:11:46.349170Z/files/70cdb798-5816-4925-ae26-b9139470c18a.jpeg,Pneumonia - 300
TRAIN,gs://p2slckaggle/P2 - Files/export_data-Clean_dirty_p2slckaggle-2021-03-06T03:11:46.349170Z/files/b7e12d0c-ebb2-408f-96f1-9f6863d3c7c8.jpeg,Pneumonia - 300
TRAIN,gs://p2slckaggle/P2 - Files/export_data-Clean_dirty_p2slckaggle-2021-03-06T03:11:46.349170Z/files/43d269ca-bd7d-4000-bdf0-da4f11404e69.jpeg,Pneumonia - 300
TRAIN,gs://p2slckaggle/P2 - Files/export_data-Clean_dirty_p2slckaggle-2021-03-06T03:11:46.349170Z/files/31931cd7-0e01-45a2-8535-bc3ad393d7e6.jpeg,Normal - 100
TEST,gs://p2slckaggle/P2 - Files/export_data-Clean_dirty_p2slckaggle-2021-03-06T03:11:46.349170Z/files/afee91a4-2e34-455d-a3db-831521824d4e.jpeg,Pneumonia - 300
TRAIN,gs://p2slckaggle/P2 - Files/export_data-Clean_dirty_p2slckaggle-2021-03-06T03:11:46.349170Z/files/a8f13e9c-695d-47d9-9739-7132f5aaeb54.jpeg,Pneumonia - 300
TRAIN,gs://p2slckaggle/P2 - Files/export_data-Clean_dirty_p2slckaggle-2021-03-06T03:11:46.349170Z/files/4d6066fc-ca3f-4286-bf4d-cc5ec751462c.jpeg,Pneumonia - 300
TRAIN,gs://p2slckaggle/P2 - Files/export_data-Clean_dirty_p2slckaggle-2021-03-06T03:11:46.349170Z/files/9580a0a2-60ce-4e35-9dc9-2ee7222fa4df.jpeg,Pneumonia - 300
TRAIN,gs://p2slckaggle/P2 - Files/export_data-Clean_dirty_p2slckaggle-2021-03-06T03:11:46.349170Z/files/b4d2bf64-fd11-4dde-b362-aebe14d1634d.jpeg,Normal - 100
TRAIN,gs://p2slckaggle/P2 - Files/export_data-Clean_dirty_p2slckaggle-2021-03-06T03:11:46.349170Z/files/0ef07ece-7103-40b0-a165-b5b2a431e4d2.jpeg,Pneumonia - 300
TRAIN,gs://p2slckaggle/P2 - Files/export_data-Clean_dirty_p2slckaggle-2021-03-06T03:11:46.349170Z/files/1e8be175-dba2-4a9e-a585-3134850b589a.jpeg,Normal - 100
TRAIN,gs://p2slckaggle/P2 - Files/export_data-Clean_dirty_p2slckaggle-2021-03-06T03:11:46.349170Z/files/45b6aa31-f110-4b8f-a35f-eb0b39080250.jpeg,Pneumonia - 300
TRAIN,gs://p2slckaggle/P2 - Files/export_data-Clean_dirty_p2slckaggle-2021-03-06T03:11:46.349170Z/files/19964403-b227-4e02-9f3f-5af89db2e674.jpeg,Pneumonia - 300
VALIDATION,gs://p2slckaggle/P2 - Files/export_data-Clean_dirty_p2slckaggle-2021-03-06T03:11:46.349170Z/files/832efea1-8d0d-43da-8140-0e60d662232a.jpeg,Normal - 100
VALIDATION,gs://p2slckaggle/P2 - Files/export_data-Clean_dirty_p2slckaggle-2021-03-06T03:11:46.349170Z/files/cfed9114-7752-4b28-b519-2cacb1a9ddb6.jpeg,Pneumonia - 300
TRAIN,gs://p2slckaggle/P2 - Files/export_data-Clean_dirty_p2slckaggle-2021-03-06T03:11:46.349170Z/files/c2ac0e30-7a7b-43a5-a3c8-57de43b70c1b.jpeg,Pneumonia - 300
TRAIN,gs://p2slckaggle/P2 - Files/export_data-Clean_dirty_p2slckaggle-2021-03-06T03:11:46.349170Z/files/8b02dc27-4bae-4f90-86f8-8b45e96dd1c3.jpeg,Pneumonia - 300
TRAIN,gs://p2slckaggle/P2 - Files/export_data-Clean_dirty_p2slckaggle-2021-03-06T03:11:46.349170Z/files/1a324b7f-a326-46c2-99ea-3a4298455077.jpeg,Normal - 100
TEST,gs://p2slckaggle/P2 - Files/export_data-Clean_dirty_p2slckaggle-2021-03-06T03:11:46.349170Z/files/a5a33eb5-c8ab-4133-afe4-eaafc8e94807.jpeg,Pneumonia - 300
TRAIN,gs://p2slckaggle/P2 - Files/export_data-Clean_dirty_p2slckaggle-2021-03-06T03:11:46.349170Z/files/f857a4d7-3181-4697-9c97-74d50bbae559.jpeg,Pneumonia - 300
TRAIN,gs://p2slckaggle/P2 - Files/export_data-Clean_dirty_p2slckaggle-2021-03-06T03:11:46.349170Z/files/728ee1da-bb7e-475c-b9e4-2baf31788409.jpeg,Normal - 100
TEST,gs://p2slckaggle/P2 - Files/export_data-Clean_dirty_p2slckaggle-2021-03-06T03:11:46.349170Z/files/192859e4-0bc9-4738-bfc2-e405fe45c003.jpeg,Normal - 100
TRAIN,gs://p2slckaggle/P2 - Files/export_data-Clean_dirty_p2slckaggle-2021-03-06T03:11:46.349170Z/files/ce7bd753-ea65-42eb-b34e-9992d830b188.jpeg,Pneumonia - 300
TRAIN,gs://p2slckaggle/P2 - Files/export_data-Clean_dirty_p2slckaggle-2021-03-06T03:11:46.349170Z/files/5e0e2ebe-9775-4eee-9cf9-6d4113cf9777.jpeg,Pneumonia - 300
TRAIN,gs://p2slckaggle/P2 - Files/export_data-Clean_dirty_p2slckaggle-2021-03-06T03:11:46.349170Z/files/6838e958-099e-427a-b94a-19ca1828e8b3.jpeg,Pneumonia - 300
TRAIN,gs://p2slckaggle/P2 - Files/export_data-Clean_dirty_p2slckaggle-2021-03-06T03:11:46.349170Z/files/81470d4c-84ad-4e54-aaeb-0b9378cf711d.jpeg,Normal - 100
TRAIN,gs://p2slckaggle/P2 - Files/export_data-Clean_dirty_p2slckaggle-2021-03-06T03:11:46.349170Z/files/4104bc6b-9e6e-4cc0-8851-e388ab254502.jpeg,Pneumonia - 300
TRAIN,gs://p2slckaggle/P2 - Files/export_data-Clean_dirty_p2slckaggle-2021-03-06T03:11:46.349170Z/files/d47b296b-2cc9-4709-a703-5f6518e77ef9.jpeg,Normal - 100
TRAIN,gs://p2slckaggle/P2 - Files/export_data-Clean_dirty_p2slckaggle-2021-03-06T03:11:46.349170Z/files/62dc775e-fae3-4464-81a5-81c63f3c0a58.jpeg,Pneumonia - 300
VALIDATION,gs://p2slckaggle/P2 - Files/export_data-Clean_dirty_p2slckaggle-2021-03-06T03:11:46.349170Z/files/fd0a0eaf-8411-4228-a3c0-e5315fafc96a.jpeg,Pneumonia - 300
TRAIN,gs://p2slckaggle/P2 - Files/export_data-Clean_dirty_p2slckaggle-2021-03-06T03:11:46.349170Z/files/0bde9b66-c3bf-4482-8bc4-e5de1c3722ea.jpeg,Pneumonia - 300
TRAIN,gs://p2slckaggle/P2 - Files/export_data-Clean_dirty_p2slckaggle-2021-03-06T03:11:46.349170Z/files/ddd8a2e1-731c-4510-b1d6-41bd51c05c0c.jpeg,Pneumonia - 300
TRAIN,gs://p2slckaggle/P2 - Files/export_data-Clean_dirty_p2slckaggle-2021-03-06T03:11:46.349170Z/files/c4773bc0-47f6-478b-9913-e0e1ed254a3a.jpeg,Normal - 100
TEST,gs://p2slckaggle/P2 - Files/export_data-Clean_dirty_p2slckaggle-2021-03-06T03:11:46.349170Z/files/e7bb134e-e8a5-4154-be0e-8245ffad68f1.jpeg,Pneumonia - 300
TRAIN,gs://p2slckaggle/P2 - Files/export_data-Clean_dirty_p2slckaggle-2021-03-06T03:11:46.349170Z/files/cee1f75d-70be-497e-9c50-f460f639e939.jpeg,Pneumonia - 300
TRAIN,gs://p2slckaggle/P2 - Files/export_data-Clean_dirty_p2slckaggle-2021-03-06T03:11:46.349170Z/files/eedcfde5-1119-473b-a909-d46a454f5740.jpeg,Pneumonia - 300
TRAIN,gs://p2slckaggle/P2 - Files/export_data-Clean_dirty_p2slckaggle-2021-03-06T03:11:46.349170Z/files/0a920ffe-7540-455d-b5c9-79c446426011.jpeg,Pneumonia - 300
TRAIN,gs://p2slckaggle/P2 - Files/export_data-Clean_dirty_p2slckaggle-2021-03-06T03:11:46.349170Z/files/f79b8b7b-c688-4ff3-9f5f-1abfcd334a6d.jpeg,Pneumonia - 300
TRAIN,gs://p2slckaggle/P2 - Files/export_data-Clean_dirty_p2slckaggle-2021-03-06T03:11:46.349170Z/files/5b56a5e7-1a0a-4b50-bee4-e43fd71f0124.jpeg,Normal - 100
TRAIN,gs://p2slckaggle/P2 - Files/export_data-Clean_dirty_p2slckaggle-2021-03-06T03:11:46.349170Z/files/84c322e3-cf16-4d76-9603-6a955805f618.jpeg,Normal - 100
TRAIN,gs://p2slckaggle/P2 - Files/export_data-Clean_dirty_p2slckaggle-2021-03-06T03:11:46.349170Z/files/3aeb4d42-39a7-4aa3-84ba-973916c7c0d4.jpeg,Pneumonia - 300
TRAIN,gs://p2slckaggle/P2 - Files/export_data-Clean_dirty_p2slckaggle-2021-03-06T03:11:46.349170Z/files/72ff113e-f833-4d49-9d05-11cd2c381b3a.jpeg,Normal - 100
TRAIN,gs://p2slckaggle/P2 - Files/export_data-Clean_dirty_p2slckaggle-2021-03-06T03:11:46.349170Z/files/de560533-08cb-4691-b6bc-54003bb84aa8.jpeg,Pneumonia - 300
VALIDATION,gs://p2slckaggle/P2 - Files/export_data-Clean_dirty_p2slckaggle-2021-03-06T03:11:46.349170Z/files/53101b08-bbc8-4578-823b-bf881c80b69a.jpeg,Pneumonia - 300
TRAIN,gs://p2slckaggle/P2 - Files/export_data-Clean_dirty_p2slckaggle-2021-03-06T03:11:46.349170Z/files/4b240721-1861-4786-802b-63a4b74ba569.jpeg,Pneumonia - 300
VALIDATION,gs://p2slckaggle/P2 - Files/export_data-Clean_dirty_p2slckaggle-2021-03-06T03:11:46.349170Z/files/288d3f1a-8b6b-4275-be12-c683acc876f4.jpeg,Normal - 100
TRAIN,gs://p2slckaggle/P2 - Files/export_data-Clean_dirty_p2slckaggle-2021-03-06T03:11:46.349170Z/files/efae8543-f8dc-439e-8c0a-7a2f529254b7.jpeg,Pneumonia - 300
TEST,gs://p2slckaggle/P2 - Files/export_data-Clean_dirty_p2slckaggle-2021-03-06T03:11:46.349170Z/files/a78f9061-6ccf-4557-bf1c-bb3d539c9228.jpeg,Pneumonia - 300
TRAIN,gs://p2slckaggle/P2 - Files/export_data-Clean_dirty_p2slckaggle-2021-03-06T03:11:46.349170Z/files/5f46068f-92bf-4fe5-aaa1-3a0e68b33aac.jpeg,Pneumonia - 300
TRAIN,gs://p2slckaggle/P2 - Files/export_data-Clean_dirty_p2slckaggle-2021-03-06T03:11:46.349170Z/files/58dadc2c-6cce-4d49-aad0-f7b94f267e1b.jpeg,Pneumonia - 300
TRAIN,gs://p2slckaggle/P2 - Files/export_data-Clean_dirty_p2slckaggle-2021-03-06T03:11:46.349170Z/files/8125d035-f7d8-4937-91d4-86ca3c2f9c7c.jpeg,Normal - 100
TRAIN,gs://p2slckaggle/P2 - Files/export_data-Clean_dirty_p2slckaggle-2021-03-06T03:11:46.349170Z/files/8cee61c8-7b63-4a2e-a7dd-4ae2882a1f06.jpeg,Pneumonia - 300
TRAIN,gs://p2slckaggle/P2 - Files/export_data-Clean_dirty_p2slckaggle-2021-03-06T03:11:46.349170Z/files/83874505-5909-4119-ad7f-820a8fd2f9bb.jpeg,Pneumonia - 300
TRAIN,gs://p2slckaggle/P2 - Files/export_data-Clean_dirty_p2slckaggle-2021-03-06T03:11:46.349170Z/files/47d7cfd2-2f7f-40bb-bb86-b2e1586b97eb.jpeg,Pneumonia - 300
TRAIN,gs://p2slckaggle/P2 - Files/export_data-Clean_dirty_p2slckaggle-2021-03-06T03:11:46.349170Z/files/965eb5ae-42ff-44d6-8652-c5b19f6d026e.jpeg,Normal - 100
TRAIN,gs://p2slckaggle/P2 - Files/export_data-Clean_dirty_p2slckaggle-2021-03-06T03:11:46.349170Z/files/6c158454-4bea-4a5d-896a-2c044a3926af.jpeg,Pneumonia - 300
VALIDATION,gs://p2slckaggle/P2 - Files/export_data-Clean_dirty_p2slckaggle-2021-03-06T03:11:46.349170Z/files/a624faa6-124d-4e17-b37f-23e65f8ecc92.jpeg,Pneumonia - 300
TRAIN,gs://p2slckaggle/P2 - Files/export_data-Clean_dirty_p2slckaggle-2021-03-06T03:11:46.349170Z/files/f1971bc5-0f62-4cb2-9d58-b8013d8457f4.jpeg,Pneumonia - 300
TEST,gs://p2slckaggle/P2 - Files/export_data-Clean_dirty_p2slckaggle-2021-03-06T03:11:46.349170Z/files/de80314f-4a5c-441c-bee8-c5fb90624a7e.jpeg,Normal - 100
TRAIN,gs://p2slckaggle/P2 - Files/export_data-Clean_dirty_p2slckaggle-2021-03-06T03:11:46.349170Z/files/6a03fbf4-f875-4809-b64b-488f3e91ae31.jpeg,Normal - 100
TRAIN,gs://p2slckaggle/P2 - Files/export_data-Clean_dirty_p2slckaggle-2021-03-06T03:11:46.349170Z/files/e34dc8c4-1cda-4164-be75-b8c5bca45e0d.jpeg,Normal - 100
TRAIN,gs://p2slckaggle/P2 - Files/export_data-Clean_dirty_p2slckaggle-2021-03-06T03:11:46.349170Z/files/9d199d90-19d9-4b4c-95f1-d741a507ec85.jpeg,Pneumonia - 300
TEST,gs://p2slckaggle/P2 - Files/export_data-Clean_dirty_p2slckaggle-2021-03-06T03:11:46.349170Z/files/385021d2-18f9-4e20-a0bf-90ed472bb16c.jpeg,Pneumonia - 300
TRAIN,gs://p2slckaggle/P2 - Files/export_data-Clean_dirty_p2slckaggle-2021-03-06T03:11:46.349170Z/files/304928b7-6559-43a2-b63a-389c2041ddb6.jpeg,Normal - 100
TRAIN,gs://p2slckaggle/P2 - Files/export_data-Clean_dirty_p2slckaggle-2021-03-06T03:11:46.349170Z/files/b57dd37a-cc62-48a5-bea1-83995329aa4b.jpeg,Pneumonia - 300
TRAIN,gs://p2slckaggle/P2 - Files/export_data-Clean_dirty_p2slckaggle-2021-03-06T03:11:46.349170Z/files/55351838-4efb-4391-915f-9ee53a0664b9.jpeg,Normal - 100
TRAIN,gs://p2slckaggle/P2 - Files/export_data-Clean_dirty_p2slckaggle-2021-03-06T03:11:46.349170Z/files/cb4d09ee-bf7b-4efd-aa7a-a71eb2091323.jpeg,Pneumonia - 300
TRAIN,gs://p2slckaggle/P2 - Files/export_data-Clean_dirty_p2slckaggle-2021-03-06T03:11:46.349170Z/files/97d01660-0f5f-4d24-ab6e-e358f7322bab.jpeg,Pneumonia - 300
TRAIN,gs://p2slckaggle/P2 - Files/export_data-Clean_dirty_p2slckaggle-2021-03-06T03:11:46.349170Z/files/30173d24-f9f2-406b-be25-720edbe83a1b.jpeg,Pneumonia - 300
TRAIN,gs://p2slckaggle/P2 - Files/export_data-Clean_dirty_p2slckaggle-2021-03-06T03:11:46.349170Z/files/475b6eac-98ff-41e4-b1ce-1344367f3c91.jpeg,Pneumonia - 300
TRAIN,gs://p2slckaggle/P2 - Files/export_data-Clean_dirty_p2slckaggle-2021-03-06T03:11:46.349170Z/files/1cae4051-a807-4a7a-b73a-24a95b35759d.jpeg,Pneumonia - 300
VALIDATION,gs://p2slckaggle/P2 - Files/export_data-Clean_dirty_p2slckaggle-2021-03-06T03:11:46.349170Z/files/ceb0b645-6b5b-4f8f-9f85-63aadc65bd79.jpeg,Pneumonia - 300
TRAIN,gs://p2slckaggle/P2 - Files/export_data-Clean_dirty_p2slckaggle-2021-03-06T03:11:46.349170Z/files/9a6f89b8-abcc-459d-82e6-2cb5d1d54a17.jpeg,Pneumonia - 300
TRAIN,gs://p2slckaggle/P2 - Files/export_data-Clean_dirty_p2slckaggle-2021-03-06T03:11:46.349170Z/files/ae1c7e80-7ff5-495f-b57f-7a837c14529b.jpeg,Pneumonia - 300
TEST,gs://p2slckaggle/P2 - Files/export_data-Clean_dirty_p2slckaggle-2021-03-06T03:11:46.349170Z/files/8aacdfa8-cf27-40a2-9d63-42f56b5a2af9.jpeg,Pneumonia - 300
TRAIN,gs://p2slckaggle/P2 - Files/export_data-Clean_dirty_p2slckaggle-2021-03-06T03:11:46.349170Z/files/95991298-1563-4749-937a-48dde80ddfd5.jpeg,Pneumonia - 300
TRAIN,gs://p2slckaggle/P2 - Files/export_data-Clean_dirty_p2slckaggle-2021-03-06T03:11:46.349170Z/files/17778959-1d1a-4823-9590-1b96aaa8eba7.jpeg,Pneumonia - 300
TRAIN,gs://p2slckaggle/P2 - Files/export_data-Clean_dirty_p2slckaggle-2021-03-06T03:11:46.349170Z/files/b3f243cb-d22a-4a90-bc7b-62d1f2f645ce.jpeg,Pneumonia - 300
