TRAIN,gs://p2slckaggle/P2 - Files/export_data-P2_SLC_Kaggle-2021-03-06T03:10:25.692291Z/files/2a721e9d-c153-4944-997f-7afa11c85b19.jpeg,Pneumonia
TRAIN,gs://p2slckaggle/P2 - Files/export_data-P2_SLC_Kaggle-2021-03-06T03:10:25.692291Z/files/b1ab3edc-1e59-4e5f-afca-cdb667fd2220.jpeg,Pneumonia
TRAIN,gs://p2slckaggle/P2 - Files/export_data-P2_SLC_Kaggle-2021-03-06T03:10:25.692291Z/files/7b704046-7895-404d-9d2b-7815034b235b.jpeg,Pneumonia
TRAIN,gs://p2slckaggle/P2 - Files/export_data-P2_SLC_Kaggle-2021-03-06T03:10:25.692291Z/files/da3b8f64-d212-48a4-929c-9fe25041d784.jpeg,Normal
TRAIN,gs://p2slckaggle/P2 - Files/export_data-P2_SLC_Kaggle-2021-03-06T03:10:25.692291Z/files/494f10c0-bac2-40f2-a18d-960eb434279b.jpeg,Normal
TRAIN,gs://p2slckaggle/P2 - Files/export_data-P2_SLC_Kaggle-2021-03-06T03:10:25.692291Z/files/f4d297b7-a431-4821-b3c9-dab5e2b09aad.jpeg,Pneumonia
TRAIN,gs://p2slckaggle/P2 - Files/export_data-P2_SLC_Kaggle-2021-03-06T03:10:25.692291Z/files/434b3bf8-83ed-4124-a58c-73c828ada2ea.jpeg,Normal
TRAIN,gs://p2slckaggle/P2 - Files/export_data-P2_SLC_Kaggle-2021-03-06T03:10:25.692291Z/files/183fd0d4-dbde-4c27-a6ed-61335ac3069d.jpeg,Pneumonia
TRAIN,gs://p2slckaggle/P2 - Files/export_data-P2_SLC_Kaggle-2021-03-06T03:10:25.692291Z/files/332d3d0d-9d80-4143-9a83-e0e677b963d3.jpeg,Pneumonia
TRAIN,gs://p2slckaggle/P2 - Files/export_data-P2_SLC_Kaggle-2021-03-06T03:10:25.692291Z/files/99295a93-23a9-4e38-bb9a-7e0dfe27b9bb.jpeg,Normal
TRAIN,gs://p2slckaggle/P2 - Files/export_data-P2_SLC_Kaggle-2021-03-06T03:10:25.692291Z/files/8bf7f72c-63da-4738-998d-c0525e6d35c7.jpeg,Normal
TRAIN,gs://p2slckaggle/P2 - Files/export_data-P2_SLC_Kaggle-2021-03-06T03:10:25.692291Z/files/a3ea817a-54bf-42fb-a6bb-5e467b32ab99.jpeg,Normal
TRAIN,gs://p2slckaggle/P2 - Files/export_data-P2_SLC_Kaggle-2021-03-06T03:10:25.692291Z/files/05cff2aa-416d-40a4-864b-ce864151abd6.jpeg,Pneumonia
VALIDATION,gs://p2slckaggle/P2 - Files/export_data-P2_SLC_Kaggle-2021-03-06T03:10:25.692291Z/files/242be33f-7bf3-42f9-89fb-77a7ae37295c.jpeg,Pneumonia
VALIDATION,gs://p2slckaggle/P2 - Files/export_data-P2_SLC_Kaggle-2021-03-06T03:10:25.692291Z/files/3c8587e0-05ae-4640-8704-80479e17c6a2.jpeg,Normal
TEST,gs://p2slckaggle/P2 - Files/export_data-P2_SLC_Kaggle-2021-03-06T03:10:25.692291Z/files/6e0ca914-a182-457a-9365-6a9b3b566f5a.jpeg,Pneumonia
TRAIN,gs://p2slckaggle/P2 - Files/export_data-P2_SLC_Kaggle-2021-03-06T03:10:25.692291Z/files/9927bc87-bd7d-49fa-9bba-43454c1f70bc.jpeg,Pneumonia
TEST,gs://p2slckaggle/P2 - Files/export_data-P2_SLC_Kaggle-2021-03-06T03:10:25.692291Z/files/797b1bec-dfda-479f-839b-ed0ca96086a0.jpeg,Normal
TRAIN,gs://p2slckaggle/P2 - Files/export_data-P2_SLC_Kaggle-2021-03-06T03:10:25.692291Z/files/91e8671b-b46a-4654-a8f5-4d8ba48c3cf5.jpeg,Pneumonia
TRAIN,gs://p2slckaggle/P2 - Files/export_data-P2_SLC_Kaggle-2021-03-06T03:10:25.692291Z/files/6ccfd2c5-22e2-42d0-a79e-922f61b26971.jpeg,Pneumonia
TRAIN,gs://p2slckaggle/P2 - Files/export_data-P2_SLC_Kaggle-2021-03-06T03:10:25.692291Z/files/98ed2ebb-0b5a-404e-8589-3f11364e1699.jpeg,Normal
TRAIN,gs://p2slckaggle/P2 - Files/export_data-P2_SLC_Kaggle-2021-03-06T03:10:25.692291Z/files/a0942341-ab59-452c-b66c-1af2d81398ce.jpeg,Normal
VALIDATION,gs://p2slckaggle/P2 - Files/export_data-P2_SLC_Kaggle-2021-03-06T03:10:25.692291Z/files/efc40808-ef78-4d9e-9c3a-b08461bc330f.jpeg,Pneumonia
TRAIN,gs://p2slckaggle/P2 - Files/export_data-P2_SLC_Kaggle-2021-03-06T03:10:25.692291Z/files/91d58833-6469-4aa4-abb7-8942a467cb60.jpeg,Normal
TRAIN,gs://p2slckaggle/P2 - Files/export_data-P2_SLC_Kaggle-2021-03-06T03:10:25.692291Z/files/6e37ff37-db72-45fd-889f-13a7090d51e0.jpeg,Pneumonia
TRAIN,gs://p2slckaggle/P2 - Files/export_data-P2_SLC_Kaggle-2021-03-06T03:10:25.692291Z/files/682a2d02-4223-4d96-96ed-416ac58561a1.jpeg,Pneumonia
VALIDATION,gs://p2slckaggle/P2 - Files/export_data-P2_SLC_Kaggle-2021-03-06T03:10:25.692291Z/files/5fc5878b-a439-4e27-afea-9da801606027.jpeg,Normal
TEST,gs://p2slckaggle/P2 - Files/export_data-P2_SLC_Kaggle-2021-03-06T03:10:25.692291Z/files/d42fdf0d-3353-4954-afa5-8bd2150451e6.jpeg,Pneumonia
TRAIN,gs://p2slckaggle/P2 - Files/export_data-P2_SLC_Kaggle-2021-03-06T03:10:25.692291Z/files/91057eb2-bfed-42b9-9217-62361e124ab0.jpeg,Normal
TRAIN,gs://p2slckaggle/P2 - Files/export_data-P2_SLC_Kaggle-2021-03-06T03:10:25.692291Z/files/d7545408-7a1f-4316-be6b-1f5567c072e1.jpeg,Normal
TRAIN,gs://p2slckaggle/P2 - Files/export_data-P2_SLC_Kaggle-2021-03-06T03:10:25.692291Z/files/04c26dcc-7fde-4592-8de1-356b65b17289.jpeg,Pneumonia
TEST,gs://p2slckaggle/P2 - Files/export_data-P2_SLC_Kaggle-2021-03-06T03:10:25.692291Z/files/68044298-b30c-45c1-ba1e-0da411b182cb.jpeg,Normal
TRAIN,gs://p2slckaggle/P2 - Files/export_data-P2_SLC_Kaggle-2021-03-06T03:10:25.692291Z/files/04900b7a-945d-44b1-9b83-a3c86ec8d9b8.jpeg,Pneumonia
TRAIN,gs://p2slckaggle/P2 - Files/export_data-P2_SLC_Kaggle-2021-03-06T03:10:25.692291Z/files/6f4bc5db-c02f-4ed1-95fa-6104d8fcc874.jpeg,Pneumonia
TRAIN,gs://p2slckaggle/P2 - Files/export_data-P2_SLC_Kaggle-2021-03-06T03:10:25.692291Z/files/308cf50f-7385-47cc-bff3-f6660e955f23.jpeg,Pneumonia
TRAIN,gs://p2slckaggle/P2 - Files/export_data-P2_SLC_Kaggle-2021-03-06T03:10:25.692291Z/files/c79cf813-4e49-43db-872d-214ef3cf163a.jpeg,Pneumonia
TRAIN,gs://p2slckaggle/P2 - Files/export_data-P2_SLC_Kaggle-2021-03-06T03:10:25.692291Z/files/27fbd6af-8d55-43b4-9c6e-4436fafba576.jpeg,Normal
TRAIN,gs://p2slckaggle/P2 - Files/export_data-P2_SLC_Kaggle-2021-03-06T03:10:25.692291Z/files/56e0c040-4ec8-4c11-a837-fdc785a5c434.jpeg,Normal
TRAIN,gs://p2slckaggle/P2 - Files/export_data-P2_SLC_Kaggle-2021-03-06T03:10:25.692291Z/files/013cd09a-d18b-4574-bd56-827f8aa7817c.jpeg,Normal
TRAIN,gs://p2slckaggle/P2 - Files/export_data-P2_SLC_Kaggle-2021-03-06T03:10:25.692291Z/files/a2b3dde8-7ee3-445d-bfac-dda881e70ce5.jpeg,Pneumonia
TRAIN,gs://p2slckaggle/P2 - Files/export_data-P2_SLC_Kaggle-2021-03-06T03:10:25.692291Z/files/c9171ca6-1059-4364-8c6c-2bec95b1c9a4.jpeg,Normal
TRAIN,gs://p2slckaggle/P2 - Files/export_data-P2_SLC_Kaggle-2021-03-06T03:10:25.692291Z/files/9be3f2fd-473e-4320-9c52-8a397f266b66.jpeg,Normal
VALIDATION,gs://p2slckaggle/P2 - Files/export_data-P2_SLC_Kaggle-2021-03-06T03:10:25.692291Z/files/4c65bce6-ecfd-493d-887f-20a9dbb89ba8.jpeg,Pneumonia
TRAIN,gs://p2slckaggle/P2 - Files/export_data-P2_SLC_Kaggle-2021-03-06T03:10:25.692291Z/files/48c315dd-8549-4bc4-b4d0-282a73a1a862.jpeg,Pneumonia
TRAIN,gs://p2slckaggle/P2 - Files/export_data-P2_SLC_Kaggle-2021-03-06T03:10:25.692291Z/files/3ad4aef8-7c99-4604-a7ed-a79b735e5432.jpeg,Pneumonia
TRAIN,gs://p2slckaggle/P2 - Files/export_data-P2_SLC_Kaggle-2021-03-06T03:10:25.692291Z/files/85036396-39a7-4b05-90fd-84b443775e33.jpeg,Normal
VALIDATION,gs://p2slckaggle/P2 - Files/export_data-P2_SLC_Kaggle-2021-03-06T03:10:25.692291Z/files/8ac9466e-11d4-4d64-92b6-25651b29b598.jpeg,Normal
TRAIN,gs://p2slckaggle/P2 - Files/export_data-P2_SLC_Kaggle-2021-03-06T03:10:25.692291Z/files/b452e09a-9c88-452a-89a6-b72bc8c69ec0.jpeg,Normal
TRAIN,gs://p2slckaggle/P2 - Files/export_data-P2_SLC_Kaggle-2021-03-06T03:10:25.692291Z/files/4586df92-db84-488a-aaab-27cd9cc38933.jpeg,Normal
TEST,gs://p2slckaggle/P2 - Files/export_data-P2_SLC_Kaggle-2021-03-06T03:10:25.692291Z/files/ada228dd-d27f-44d8-9341-0866f5bb8f33.jpeg,Pneumonia
TEST,gs://p2slckaggle/P2 - Files/export_data-P2_SLC_Kaggle-2021-03-06T03:10:25.692291Z/files/f978281e-9009-40b0-9133-654a4abd7b0a.jpeg,Normal
TRAIN,gs://p2slckaggle/P2 - Files/export_data-P2_SLC_Kaggle-2021-03-06T03:10:25.692291Z/files/896e4259-c631-4cb9-84b0-e55941d8df1d.jpeg,Pneumonia
TRAIN,gs://p2slckaggle/P2 - Files/export_data-P2_SLC_Kaggle-2021-03-06T03:10:25.692291Z/files/76fec15a-6e3a-4613-add9-bd6834a44882.jpeg,Pneumonia
TRAIN,gs://p2slckaggle/P2 - Files/export_data-P2_SLC_Kaggle-2021-03-06T03:10:25.692291Z/files/81094e85-73e5-4f7f-8e51-555c11773ddc.jpeg,Pneumonia
TRAIN,gs://p2slckaggle/P2 - Files/export_data-P2_SLC_Kaggle-2021-03-06T03:10:25.692291Z/files/b2fdb241-2576-4e1d-a16e-88688269c17e.jpeg,Normal
TRAIN,gs://p2slckaggle/P2 - Files/export_data-P2_SLC_Kaggle-2021-03-06T03:10:25.692291Z/files/0f6b174c-dd79-4c4c-8ebe-090e69be3de8.jpeg,Pneumonia
TRAIN,gs://p2slckaggle/P2 - Files/export_data-P2_SLC_Kaggle-2021-03-06T03:10:25.692291Z/files/b589b998-f296-45d7-a7ac-08d96b263146.jpeg,Normal
TRAIN,gs://p2slckaggle/P2 - Files/export_data-P2_SLC_Kaggle-2021-03-06T03:10:25.692291Z/files/b0ecdbb1-bd3b-4313-ac5f-c2c52a71fd21.jpeg,Pneumonia
TRAIN,gs://p2slckaggle/P2 - Files/export_data-P2_SLC_Kaggle-2021-03-06T03:10:25.692291Z/files/65feab88-2601-4faa-8d0b-a65e14f54712.jpeg,Pneumonia
VALIDATION,gs://p2slckaggle/P2 - Files/export_data-P2_SLC_Kaggle-2021-03-06T03:10:25.692291Z/files/defbd663-d6ba-45d2-a1c7-92f2fc759a31.jpeg,Pneumonia
TRAIN,gs://p2slckaggle/P2 - Files/export_data-P2_SLC_Kaggle-2021-03-06T03:10:25.692291Z/files/b53e4c77-aa1d-4483-9835-a7cff1d97453.jpeg,Pneumonia
TRAIN,gs://p2slckaggle/P2 - Files/export_data-P2_SLC_Kaggle-2021-03-06T03:10:25.692291Z/files/c97ce567-b56c-40c4-88f5-6530c64f18e0.jpeg,Normal
TRAIN,gs://p2slckaggle/P2 - Files/export_data-P2_SLC_Kaggle-2021-03-06T03:10:25.692291Z/files/8ac0dbd2-fd4f-4aad-baf7-9ba70002d150.jpeg,Pneumonia
TEST,gs://p2slckaggle/P2 - Files/export_data-P2_SLC_Kaggle-2021-03-06T03:10:25.692291Z/files/28becc6d-3e87-453f-864d-f86ca02f9f5f.jpeg,Pneumonia
TRAIN,gs://p2slckaggle/P2 - Files/export_data-P2_SLC_Kaggle-2021-03-06T03:10:25.692291Z/files/6c662c9c-f3d1-4ae5-9b3b-af0384471d59.jpeg,Normal
TRAIN,gs://p2slckaggle/P2 - Files/export_data-P2_SLC_Kaggle-2021-03-06T03:10:25.692291Z/files/d08f29f1-a765-4f5d-ac7f-3be4d5989dfb.jpeg,Normal
TRAIN,gs://p2slckaggle/P2 - Files/export_data-P2_SLC_Kaggle-2021-03-06T03:10:25.692291Z/files/3ded81e1-0b3d-4e27-b5ee-e49a451f329f.jpeg,Pneumonia
TRAIN,gs://p2slckaggle/P2 - Files/export_data-P2_SLC_Kaggle-2021-03-06T03:10:25.692291Z/files/d389afbb-55c0-4e5a-ac91-f6aeb0d6dafa.jpeg,Normal
VALIDATION,gs://p2slckaggle/P2 - Files/export_data-P2_SLC_Kaggle-2021-03-06T03:10:25.692291Z/files/8eda93b7-d8e6-4729-8060-b5b7d72f1ef0.jpeg,Normal
TRAIN,gs://p2slckaggle/P2 - Files/export_data-P2_SLC_Kaggle-2021-03-06T03:10:25.692291Z/files/8392e396-c98a-4049-b93a-dc4e6de8af49.jpeg,Pneumonia
TRAIN,gs://p2slckaggle/P2 - Files/export_data-P2_SLC_Kaggle-2021-03-06T03:10:25.692291Z/files/ebca5d11-bac7-429f-9b1f-752bf75809b2.jpeg,Pneumonia
TRAIN,gs://p2slckaggle/P2 - Files/export_data-P2_SLC_Kaggle-2021-03-06T03:10:25.692291Z/files/aaf4134b-248a-4dcc-908e-b11f4472b5b7.jpeg,Normal
TRAIN,gs://p2slckaggle/P2 - Files/export_data-P2_SLC_Kaggle-2021-03-06T03:10:25.692291Z/files/4b9ff3da-b57d-498e-a427-ea5dd071979d.jpeg,Normal
TRAIN,gs://p2slckaggle/P2 - Files/export_data-P2_SLC_Kaggle-2021-03-06T03:10:25.692291Z/files/7869f154-3b4c-40f7-947f-6c8043499d40.jpeg,Pneumonia
TEST,gs://p2slckaggle/P2 - Files/export_data-P2_SLC_Kaggle-2021-03-06T03:10:25.692291Z/files/2176f853-e82a-4ec7-827b-9d3d05158216.jpeg,Normal
TRAIN,gs://p2slckaggle/P2 - Files/export_data-P2_SLC_Kaggle-2021-03-06T03:10:25.692291Z/files/c826655c-b5fa-4acc-9113-99ae94a6f55b.jpeg,Normal
TRAIN,gs://p2slckaggle/P2 - Files/export_data-P2_SLC_Kaggle-2021-03-06T03:10:25.692291Z/files/1098d800-9b24-4f61-b976-8a77fb0c9aef.jpeg,Pneumonia
TRAIN,gs://p2slckaggle/P2 - Files/export_data-P2_SLC_Kaggle-2021-03-06T03:10:25.692291Z/files/13474305-ff63-41b6-a5ce-be7894eb38e6.jpeg,Normal
TRAIN,gs://p2slckaggle/P2 - Files/export_data-P2_SLC_Kaggle-2021-03-06T03:10:25.692291Z/files/0b0a309a-e099-4513-9c33-5f4b63c3b744.jpeg,Normal
TRAIN,gs://p2slckaggle/P2 - Files/export_data-P2_SLC_Kaggle-2021-03-06T03:10:25.692291Z/files/d14760b9-4d9f-4cf3-b01c-a61832476aee.jpeg,Pneumonia
VALIDATION,gs://p2slckaggle/P2 - Files/export_data-P2_SLC_Kaggle-2021-03-06T03:10:25.692291Z/files/0bd70dff-9759-474f-abde-3ddb4b9e9b57.jpeg,Pneumonia
TRAIN,gs://p2slckaggle/P2 - Files/export_data-P2_SLC_Kaggle-2021-03-06T03:10:25.692291Z/files/3e190e13-f3be-41ee-90d4-aef6c42d45b7.jpeg,Pneumonia
TRAIN,gs://p2slckaggle/P2 - Files/export_data-P2_SLC_Kaggle-2021-03-06T03:10:25.692291Z/files/372b3704-4528-46c2-9056-93b2e61d2794.jpeg,Normal
TRAIN,gs://p2slckaggle/P2 - Files/export_data-P2_SLC_Kaggle-2021-03-06T03:10:25.692291Z/files/0c4df1d1-7ef4-436c-9799-1859afbc6473.jpeg,Pneumonia
TEST,gs://p2slckaggle/P2 - Files/export_data-P2_SLC_Kaggle-2021-03-06T03:10:25.692291Z/files/e46be0a8-5aad-4c7b-a8ea-2a60932fcfee.jpeg,Pneumonia
TRAIN,gs://p2slckaggle/P2 - Files/export_data-P2_SLC_Kaggle-2021-03-06T03:10:25.692291Z/files/ef53c835-9284-4073-9297-3f4e7a90fc31.jpeg,Normal
TRAIN,gs://p2slckaggle/P2 - Files/export_data-P2_SLC_Kaggle-2021-03-06T03:10:25.692291Z/files/d55fb731-6eb7-48d2-b501-3dcecf925674.jpeg,Normal
VALIDATION,gs://p2slckaggle/P2 - Files/export_data-P2_SLC_Kaggle-2021-03-06T03:10:25.692291Z/files/e524ea33-61c9-442d-b3c3-e5561c7f2a5d.jpeg,Normal
TRAIN,gs://p2slckaggle/P2 - Files/export_data-P2_SLC_Kaggle-2021-03-06T03:10:25.692291Z/files/3c4c9f03-c971-4af3-9c2e-0a63b31bc6a5.jpeg,Normal
TRAIN,gs://p2slckaggle/P2 - Files/export_data-P2_SLC_Kaggle-2021-03-06T03:10:25.692291Z/files/4e3e231f-32ab-4e03-94cd-974e0f3b9b57.jpeg,Pneumonia
TRAIN,gs://p2slckaggle/P2 - Files/export_data-P2_SLC_Kaggle-2021-03-06T03:10:25.692291Z/files/6711ff26-0953-4253-9084-8410ff2817fb.jpeg,Pneumonia
TRAIN,gs://p2slckaggle/P2 - Files/export_data-P2_SLC_Kaggle-2021-03-06T03:10:25.692291Z/files/445ba7b7-86a1-416e-85f0-e2924dde9d85.jpeg,Normal
TRAIN,gs://p2slckaggle/P2 - Files/export_data-P2_SLC_Kaggle-2021-03-06T03:10:25.692291Z/files/972260de-b829-4a7a-95c8-f5261ecf5a6f.jpeg,Pneumonia
TEST,gs://p2slckaggle/P2 - Files/export_data-P2_SLC_Kaggle-2021-03-06T03:10:25.692291Z/files/316fd666-b672-46fa-a7a8-8a0bdead6b9e.jpeg,Normal
TRAIN,gs://p2slckaggle/P2 - Files/export_data-P2_SLC_Kaggle-2021-03-06T03:10:25.692291Z/files/8381f746-cfc1-4a64-8167-ca4f76dfa126.jpeg,Normal
TRAIN,gs://p2slckaggle/P2 - Files/export_data-P2_SLC_Kaggle-2021-03-06T03:10:25.692291Z/files/7b374851-b885-483c-b94a-424dff147b91.jpeg,Pneumonia
TRAIN,gs://p2slckaggle/P2 - Files/export_data-P2_SLC_Kaggle-2021-03-06T03:10:25.692291Z/files/806b4b62-218b-4550-9ecd-3a8b5d3d751d.jpeg,Normal
TRAIN,gs://p2slckaggle/P2 - Files/export_data-P2_SLC_Kaggle-2021-03-06T03:10:25.692291Z/files/217afe5f-f840-4037-b69d-27daf5e566e3.jpeg,Normal
TRAIN,gs://p2slckaggle/P2 - Files/export_data-P2_SLC_Kaggle-2021-03-06T03:10:25.692291Z/files/49680581-d05b-46c7-83a9-da603a1c9785.jpeg,Normal
TRAIN,gs://p2slckaggle/P2 - Files/export_data-P2_SLC_Kaggle-2021-03-06T03:10:25.692291Z/files/07d42c1f-9c0a-4478-8cb1-76aaeb415804.jpeg,Normal
TRAIN,gs://p2slckaggle/P2 - Files/export_data-P2_SLC_Kaggle-2021-03-06T03:10:25.692291Z/files/99b1c592-150a-4cd7-8a3c-0cf03ceda165.jpeg,Normal
VALIDATION,gs://p2slckaggle/P2 - Files/export_data-P2_SLC_Kaggle-2021-03-06T03:10:25.692291Z/files/4982e921-286e-42dc-9185-63495de6385a.jpeg,Normal
TRAIN,gs://p2slckaggle/P2 - Files/export_data-P2_SLC_Kaggle-2021-03-06T03:10:25.692291Z/files/785318f5-af8b-407b-91dd-519d1a3875ba.jpeg,Normal
TRAIN,gs://p2slckaggle/P2 - Files/export_data-P2_SLC_Kaggle-2021-03-06T03:10:25.692291Z/files/2fa4e839-1707-47fe-83dd-ae2defad8459.jpeg,Pneumonia
TRAIN,gs://p2slckaggle/P2 - Files/export_data-P2_SLC_Kaggle-2021-03-06T03:10:25.692291Z/files/d493b143-103b-4326-91fe-3b5e38d7e13d.jpeg,Pneumonia
VALIDATION,gs://p2slckaggle/P2 - Files/export_data-P2_SLC_Kaggle-2021-03-06T03:10:25.692291Z/files/26232823-37de-4e00-85b0-7b24a012389f.jpeg,Pneumonia
TRAIN,gs://p2slckaggle/P2 - Files/export_data-P2_SLC_Kaggle-2021-03-06T03:10:25.692291Z/files/e6d299c1-1372-4b83-8010-ad5f04ab9ca0.jpeg,Pneumonia
TRAIN,gs://p2slckaggle/P2 - Files/export_data-P2_SLC_Kaggle-2021-03-06T03:10:25.692291Z/files/79184c78-9607-422e-bb17-595988e1ce8f.jpeg,Pneumonia
TEST,gs://p2slckaggle/P2 - Files/export_data-P2_SLC_Kaggle-2021-03-06T03:10:25.692291Z/files/3d9a9ab2-6b65-4b7b-8d01-72055dd95089.jpeg,Pneumonia
TRAIN,gs://p2slckaggle/P2 - Files/export_data-P2_SLC_Kaggle-2021-03-06T03:10:25.692291Z/files/090816de-5ba6-45d7-964b-80d55e94c15c.jpeg,Pneumonia
TRAIN,gs://p2slckaggle/P2 - Files/export_data-P2_SLC_Kaggle-2021-03-06T03:10:25.692291Z/files/e35b7552-cc23-40cb-adb0-875ea34e78c6.jpeg,Normal
TRAIN,gs://p2slckaggle/P2 - Files/export_data-P2_SLC_Kaggle-2021-03-06T03:10:25.692291Z/files/8720491f-043c-4386-aefb-e0a8b860f139.jpeg,Pneumonia
TEST,gs://p2slckaggle/P2 - Files/export_data-P2_SLC_Kaggle-2021-03-06T03:10:25.692291Z/files/68eb9923-1aba-4ede-a7a3-f0fd24c3673e.jpeg,Normal
TRAIN,gs://p2slckaggle/P2 - Files/export_data-P2_SLC_Kaggle-2021-03-06T03:10:25.692291Z/files/4889bb37-f4a9-40a8-ab61-d947f10766dd.jpeg,Normal
TRAIN,gs://p2slckaggle/P2 - Files/export_data-P2_SLC_Kaggle-2021-03-06T03:10:25.692291Z/files/d6ede586-d0ad-45fe-b1cc-221ad1d0400d.jpeg,Pneumonia
TRAIN,gs://p2slckaggle/P2 - Files/export_data-P2_SLC_Kaggle-2021-03-06T03:10:25.692291Z/files/708ded79-9a4d-42dc-9765-65dfff163f24.jpeg,Pneumonia
TRAIN,gs://p2slckaggle/P2 - Files/export_data-P2_SLC_Kaggle-2021-03-06T03:10:25.692291Z/files/37d2bd14-821f-484e-bfa0-192a628b9770.jpeg,Normal
TRAIN,gs://p2slckaggle/P2 - Files/export_data-P2_SLC_Kaggle-2021-03-06T03:10:25.692291Z/files/de66b767-54e9-4b58-b8db-a1db81b7e064.jpeg,Normal
TRAIN,gs://p2slckaggle/P2 - Files/export_data-P2_SLC_Kaggle-2021-03-06T03:10:25.692291Z/files/ee49d465-319c-4d4f-8e6a-cd5c367d10bc.jpeg,Pneumonia
TRAIN,gs://p2slckaggle/P2 - Files/export_data-P2_SLC_Kaggle-2021-03-06T03:10:25.692291Z/files/b56c1f19-eb24-4dd6-a2c8-052d86643c5d.jpeg,Normal
TRAIN,gs://p2slckaggle/P2 - Files/export_data-P2_SLC_Kaggle-2021-03-06T03:10:25.692291Z/files/2881289e-f552-4fb4-8b6c-2b9e2bf1b6f8.jpeg,Pneumonia
VALIDATION,gs://p2slckaggle/P2 - Files/export_data-P2_SLC_Kaggle-2021-03-06T03:10:25.692291Z/files/dbc6e3b4-4c25-41c3-905f-45a278862812.jpeg,Pneumonia
TRAIN,gs://p2slckaggle/P2 - Files/export_data-P2_SLC_Kaggle-2021-03-06T03:10:25.692291Z/files/e8882a8e-5668-4dd6-9d34-5310f8130835.jpeg,Pneumonia
TRAIN,gs://p2slckaggle/P2 - Files/export_data-P2_SLC_Kaggle-2021-03-06T03:10:25.692291Z/files/983f40df-c2e6-412d-86b7-05cac40115a2.jpeg,Pneumonia
TEST,gs://p2slckaggle/P2 - Files/export_data-P2_SLC_Kaggle-2021-03-06T03:10:25.692291Z/files/14c329d9-f9ad-4af3-b8b8-b1e06448e7a4.jpeg,Pneumonia
TRAIN,gs://p2slckaggle/P2 - Files/export_data-P2_SLC_Kaggle-2021-03-06T03:10:25.692291Z/files/57ccffdb-150c-48a5-b926-7a4927231052.jpeg,Pneumonia
TRAIN,gs://p2slckaggle/P2 - Files/export_data-P2_SLC_Kaggle-2021-03-06T03:10:25.692291Z/files/989ba700-aadd-483d-924f-79136b1b4fc5.jpeg,Normal
TRAIN,gs://p2slckaggle/P2 - Files/export_data-P2_SLC_Kaggle-2021-03-06T03:10:25.692291Z/files/e40fd315-4673-4790-80e0-044547290767.jpeg,Normal
VALIDATION,gs://p2slckaggle/P2 - Files/export_data-P2_SLC_Kaggle-2021-03-06T03:10:25.692291Z/files/9e1239aa-14cc-43a7-9439-80588870ee30.jpeg,Normal
TRAIN,gs://p2slckaggle/P2 - Files/export_data-P2_SLC_Kaggle-2021-03-06T03:10:25.692291Z/files/d51e0bd9-5599-4bab-95a0-e096eedf4b19.jpeg,Pneumonia
TRAIN,gs://p2slckaggle/P2 - Files/export_data-P2_SLC_Kaggle-2021-03-06T03:10:25.692291Z/files/07f84b1e-c21d-4b6f-b427-56fabeb334f6.jpeg,Pneumonia
TRAIN,gs://p2slckaggle/P2 - Files/export_data-P2_SLC_Kaggle-2021-03-06T03:10:25.692291Z/files/2de535bc-489b-4e50-a865-93242e7b63ec.jpeg,Normal
TRAIN,gs://p2slckaggle/P2 - Files/export_data-P2_SLC_Kaggle-2021-03-06T03:10:25.692291Z/files/c8ecb93a-1739-480b-b218-4b9df6214358.jpeg,Normal
TRAIN,gs://p2slckaggle/P2 - Files/export_data-P2_SLC_Kaggle-2021-03-06T03:10:25.692291Z/files/a4400d95-b654-4f95-b98a-73f5e170fdc0.jpeg,Pneumonia
TRAIN,gs://p2slckaggle/P2 - Files/export_data-P2_SLC_Kaggle-2021-03-06T03:10:25.692291Z/files/9bc415a3-e1a6-47d6-a04d-ec3ab3902d6b.jpeg,Pneumonia
TRAIN,gs://p2slckaggle/P2 - Files/export_data-P2_SLC_Kaggle-2021-03-06T03:10:25.692291Z/files/05aba00a-d863-4b27-91d5-cd8c573722e4.jpeg,Pneumonia
TEST,gs://p2slckaggle/P2 - Files/export_data-P2_SLC_Kaggle-2021-03-06T03:10:25.692291Z/files/72805e9c-a144-4ddb-897f-90b02a659450.jpeg,Normal
TRAIN,gs://p2slckaggle/P2 - Files/export_data-P2_SLC_Kaggle-2021-03-06T03:10:25.692291Z/files/b677a00a-c46e-4c04-8d9a-446e3cbd5e0e.jpeg,Normal
VALIDATION,gs://p2slckaggle/P2 - Files/export_data-P2_SLC_Kaggle-2021-03-06T03:10:25.692291Z/files/4c85f51f-df1c-49a3-a185-55ffec092d23.jpeg,Pneumonia
TRAIN,gs://p2slckaggle/P2 - Files/export_data-P2_SLC_Kaggle-2021-03-06T03:10:25.692291Z/files/e3eae8a2-f04d-4bdb-bd6d-352405eecd6d.jpeg,Normal
TRAIN,gs://p2slckaggle/P2 - Files/export_data-P2_SLC_Kaggle-2021-03-06T03:10:25.692291Z/files/cf89bcf1-fbf0-4fcf-914f-936734e2967e.jpeg,Normal
TRAIN,gs://p2slckaggle/P2 - Files/export_data-P2_SLC_Kaggle-2021-03-06T03:10:25.692291Z/files/8e0407cd-7806-458f-bde1-a134040e72a7.jpeg,Normal
TRAIN,gs://p2slckaggle/P2 - Files/export_data-P2_SLC_Kaggle-2021-03-06T03:10:25.692291Z/files/37dcdf2d-43e2-44e9-9c8d-bd39df04cdc9.jpeg,Pneumonia
TRAIN,gs://p2slckaggle/P2 - Files/export_data-P2_SLC_Kaggle-2021-03-06T03:10:25.692291Z/files/1fd773d4-6985-435c-92d5-4b3715e3bd17.jpeg,Normal
TRAIN,gs://p2slckaggle/P2 - Files/export_data-P2_SLC_Kaggle-2021-03-06T03:10:25.692291Z/files/5a1f5ba7-1751-44a3-abf0-5ad62f3140c8.jpeg,Pneumonia
TRAIN,gs://p2slckaggle/P2 - Files/export_data-P2_SLC_Kaggle-2021-03-06T03:10:25.692291Z/files/8f3549a1-0d29-49f6-9bc2-bb15737cd320.jpeg,Normal
TEST,gs://p2slckaggle/P2 - Files/export_data-P2_SLC_Kaggle-2021-03-06T03:10:25.692291Z/files/1f9b287d-355b-43ee-ab77-5e7a09c34700.jpeg,Pneumonia
VALIDATION,gs://p2slckaggle/P2 - Files/export_data-P2_SLC_Kaggle-2021-03-06T03:10:25.692291Z/files/45b83685-2cad-4804-b758-4d87b5c84b97.jpeg,Normal
TRAIN,gs://p2slckaggle/P2 - Files/export_data-P2_SLC_Kaggle-2021-03-06T03:10:25.692291Z/files/eef088b3-f856-44e7-9f6b-897842ecdc20.jpeg,Pneumonia
TRAIN,gs://p2slckaggle/P2 - Files/export_data-P2_SLC_Kaggle-2021-03-06T03:10:25.692291Z/files/7f49e10a-c9c1-4c88-98a8-377798e7118e.jpeg,Normal
TRAIN,gs://p2slckaggle/P2 - Files/export_data-P2_SLC_Kaggle-2021-03-06T03:10:25.692291Z/files/927212f7-5aaa-4a0d-9a7a-9330a0508b98.jpeg,Normal
TEST,gs://p2slckaggle/P2 - Files/export_data-P2_SLC_Kaggle-2021-03-06T03:10:25.692291Z/files/611ff830-de76-43fb-9bfb-45e28964d902.jpeg,Normal
TRAIN,gs://p2slckaggle/P2 - Files/export_data-P2_SLC_Kaggle-2021-03-06T03:10:25.692291Z/files/c8f499ca-6557-40ec-82c1-5cbc5f1f0481.jpeg,Normal
TRAIN,gs://p2slckaggle/P2 - Files/export_data-P2_SLC_Kaggle-2021-03-06T03:10:25.692291Z/files/e9961e0d-bbb7-4621-aa92-748704016dde.jpeg,Normal
TRAIN,gs://p2slckaggle/P2 - Files/export_data-P2_SLC_Kaggle-2021-03-06T03:10:25.692291Z/files/54f2e032-1953-4b1c-8db0-bd0a58192ee4.jpeg,Normal
TRAIN,gs://p2slckaggle/P2 - Files/export_data-P2_SLC_Kaggle-2021-03-06T03:10:25.692291Z/files/f981f17c-7136-44ad-afd2-b619a9f73ca3.jpeg,Pneumonia
TRAIN,gs://p2slckaggle/P2 - Files/export_data-P2_SLC_Kaggle-2021-03-06T03:10:25.692291Z/files/44839720-a2f0-47e6-aac5-b3f33bc18f5b.jpeg,Normal
TRAIN,gs://p2slckaggle/P2 - Files/export_data-P2_SLC_Kaggle-2021-03-06T03:10:25.692291Z/files/985dd2a2-859e-4c3b-82b9-f91c3a95b842.jpeg,Normal
TRAIN,gs://p2slckaggle/P2 - Files/export_data-P2_SLC_Kaggle-2021-03-06T03:10:25.692291Z/files/9c841678-bc87-4e0c-bdc6-c6f9e4d6c860.jpeg,Normal
TRAIN,gs://p2slckaggle/P2 - Files/export_data-P2_SLC_Kaggle-2021-03-06T03:10:25.692291Z/files/98121ca4-812d-4f1a-ba55-01a3618829f8.jpeg,Pneumonia
VALIDATION,gs://p2slckaggle/P2 - Files/export_data-P2_SLC_Kaggle-2021-03-06T03:10:25.692291Z/files/2dd9677a-2e09-4a73-94bb-b8f193f2348e.jpeg,Normal
TRAIN,gs://p2slckaggle/P2 - Files/export_data-P2_SLC_Kaggle-2021-03-06T03:10:25.692291Z/files/ee6b5a2f-1d84-4f9a-baa5-e491bf245e30.jpeg,Pneumonia
TRAIN,gs://p2slckaggle/P2 - Files/export_data-P2_SLC_Kaggle-2021-03-06T03:10:25.692291Z/files/1abc253a-30ef-4d7b-b0b5-b55b3a41be95.jpeg,Pneumonia
TRAIN,gs://p2slckaggle/P2 - Files/export_data-P2_SLC_Kaggle-2021-03-06T03:10:25.692291Z/files/9aba48fa-2546-49b0-bfe5-25aa2b0f1012.jpeg,Normal
TRAIN,gs://p2slckaggle/P2 - Files/export_data-P2_SLC_Kaggle-2021-03-06T03:10:25.692291Z/files/9cf5294e-6225-4285-b24f-789dc045f57a.jpeg,Normal
TEST,gs://p2slckaggle/P2 - Files/export_data-P2_SLC_Kaggle-2021-03-06T03:10:25.692291Z/files/99ddad2d-7664-4b10-a088-e570ccdd538f.jpeg,Normal
TRAIN,gs://p2slckaggle/P2 - Files/export_data-P2_SLC_Kaggle-2021-03-06T03:10:25.692291Z/files/7b9a616b-1c25-4f21-8b6c-7d7bb511f209.jpeg,Normal
TRAIN,gs://p2slckaggle/P2 - Files/export_data-P2_SLC_Kaggle-2021-03-06T03:10:25.692291Z/files/857e7aa4-0edf-4814-a022-0d4bef9a13a3.jpeg,Pneumonia
VALIDATION,gs://p2slckaggle/P2 - Files/export_data-P2_SLC_Kaggle-2021-03-06T03:10:25.692291Z/files/7a39c8f7-f7c8-4545-8746-021bd1dacde2.jpeg,Pneumonia
TRAIN,gs://p2slckaggle/P2 - Files/export_data-P2_SLC_Kaggle-2021-03-06T03:10:25.692291Z/files/d407a8e4-08ff-4295-9b47-c753831b35a6.jpeg,Normal
TRAIN,gs://p2slckaggle/P2 - Files/export_data-P2_SLC_Kaggle-2021-03-06T03:10:25.692291Z/files/eecfdd38-d1b6-44d4-9c79-fb0b8c798348.jpeg,Pneumonia
TRAIN,gs://p2slckaggle/P2 - Files/export_data-P2_SLC_Kaggle-2021-03-06T03:10:25.692291Z/files/1854fc77-f512-4b3e-a8cd-8ecbd5866587.jpeg,Normal
TRAIN,gs://p2slckaggle/P2 - Files/export_data-P2_SLC_Kaggle-2021-03-06T03:10:25.692291Z/files/463a3771-01e2-4537-88e9-75c88eefaef0.jpeg,Normal
TRAIN,gs://p2slckaggle/P2 - Files/export_data-P2_SLC_Kaggle-2021-03-06T03:10:25.692291Z/files/62a8fdd6-e204-4aa3-a43c-ebf1194d7e5e.jpeg,Normal
TRAIN,gs://p2slckaggle/P2 - Files/export_data-P2_SLC_Kaggle-2021-03-06T03:10:25.692291Z/files/3d7c0bc0-0a4b-41d6-bd3d-1cec2537b21a.jpeg,Normal
VALIDATION,gs://p2slckaggle/P2 - Files/export_data-P2_SLC_Kaggle-2021-03-06T03:10:25.692291Z/files/70b40cff-88dd-446c-9ed5-e555ed832792.jpeg,Normal
TRAIN,gs://p2slckaggle/P2 - Files/export_data-P2_SLC_Kaggle-2021-03-06T03:10:25.692291Z/files/8bdd848b-c5e3-450c-afc6-6cdd33f86402.jpeg,Pneumonia
TRAIN,gs://p2slckaggle/P2 - Files/export_data-P2_SLC_Kaggle-2021-03-06T03:10:25.692291Z/files/b043aa32-8ebf-4bdf-a1e4-8aed46f994d5.jpeg,Normal
TRAIN,gs://p2slckaggle/P2 - Files/export_data-P2_SLC_Kaggle-2021-03-06T03:10:25.692291Z/files/2a8cf55f-7506-4fa8-b4dc-1f71b0967b34.jpeg,Normal
TEST,gs://p2slckaggle/P2 - Files/export_data-P2_SLC_Kaggle-2021-03-06T03:10:25.692291Z/files/f1a320ed-7443-4986-9494-456d4be4bff6.jpeg,Pneumonia
TRAIN,gs://p2slckaggle/P2 - Files/export_data-P2_SLC_Kaggle-2021-03-06T03:10:25.692291Z/files/183491e9-e8c2-4f60-8387-bbe56019100b.jpeg,Pneumonia
TEST,gs://p2slckaggle/P2 - Files/export_data-P2_SLC_Kaggle-2021-03-06T03:10:25.692291Z/files/dac8a12c-6c95-44eb-ae0f-df318210801a.jpeg,Normal
TRAIN,gs://p2slckaggle/P2 - Files/export_data-P2_SLC_Kaggle-2021-03-06T03:10:25.692291Z/files/db4a93fb-4603-4b4a-9726-91f9a6140f6f.jpeg,Normal
TRAIN,gs://p2slckaggle/P2 - Files/export_data-P2_SLC_Kaggle-2021-03-06T03:10:25.692291Z/files/60ca4917-56d7-4019-a86d-f3b02f79e3e1.jpeg,Normal
TRAIN,gs://p2slckaggle/P2 - Files/export_data-P2_SLC_Kaggle-2021-03-06T03:10:25.692291Z/files/c65b4ca4-d0f9-4609-bd7b-350f5b1f9c8c.jpeg,Normal
TRAIN,gs://p2slckaggle/P2 - Files/export_data-P2_SLC_Kaggle-2021-03-06T03:10:25.692291Z/files/ab697dac-224e-485b-8a66-f55a54b9fac8.jpeg,Normal
TRAIN,gs://p2slckaggle/P2 - Files/export_data-P2_SLC_Kaggle-2021-03-06T03:10:25.692291Z/files/79d4e3fb-00e2-438a-ac69-b28b5f414274.jpeg,Normal
TRAIN,gs://p2slckaggle/P2 - Files/export_data-P2_SLC_Kaggle-2021-03-06T03:10:25.692291Z/files/0bd7b121-0724-4e54-aea5-2bf373100325.jpeg,Pneumonia
TRAIN,gs://p2slckaggle/P2 - Files/export_data-P2_SLC_Kaggle-2021-03-06T03:10:25.692291Z/files/2dfb22aa-bfb2-461d-b6c1-4b8dd26b54b7.jpeg,Pneumonia
TRAIN,gs://p2slckaggle/P2 - Files/export_data-P2_SLC_Kaggle-2021-03-06T03:10:25.692291Z/files/13183ed0-96d7-4ef6-86ca-08d11f690095.jpeg,Pneumonia
TRAIN,gs://p2slckaggle/P2 - Files/export_data-P2_SLC_Kaggle-2021-03-06T03:10:25.692291Z/files/abed1a7d-ccc0-4392-8d1d-901c7d29b88f.jpeg,Normal
TRAIN,gs://p2slckaggle/P2 - Files/export_data-P2_SLC_Kaggle-2021-03-06T03:10:25.692291Z/files/fcda706b-9c37-4b88-9e9d-7fbf1bb242a8.jpeg,Pneumonia
TRAIN,gs://p2slckaggle/P2 - Files/export_data-P2_SLC_Kaggle-2021-03-06T03:10:25.692291Z/files/85cf9428-5211-4e18-a8c3-f5a634b4bf14.jpeg,Pneumonia
VALIDATION,gs://p2slckaggle/P2 - Files/export_data-P2_SLC_Kaggle-2021-03-06T03:10:25.692291Z/files/04d2ff83-6401-4ceb-b80f-0b9ea888be01.jpeg,Pneumonia
TRAIN,gs://p2slckaggle/P2 - Files/export_data-P2_SLC_Kaggle-2021-03-06T03:10:25.692291Z/files/d4f5050a-c39e-4b94-b0e2-2e918b2b40aa.jpeg,Pneumonia
VALIDATION,gs://p2slckaggle/P2 - Files/export_data-P2_SLC_Kaggle-2021-03-06T03:10:25.692291Z/files/d7ad2555-61be-4970-b9b6-691a70c18a6e.jpeg,Normal
TRAIN,gs://p2slckaggle/P2 - Files/export_data-P2_SLC_Kaggle-2021-03-06T03:10:25.692291Z/files/ca1e1fce-0620-40f2-a6d9-53032e60e1e2.jpeg,Pneumonia
TEST,gs://p2slckaggle/P2 - Files/export_data-P2_SLC_Kaggle-2021-03-06T03:10:25.692291Z/files/fd9f9e29-ef82-4098-ba04-9adc97b38abd.jpeg,Pneumonia
TRAIN,gs://p2slckaggle/P2 - Files/export_data-P2_SLC_Kaggle-2021-03-06T03:10:25.692291Z/files/998c929c-4d6e-44f1-83e7-30bb429e3e65.jpeg,Pneumonia
TRAIN,gs://p2slckaggle/P2 - Files/export_data-P2_SLC_Kaggle-2021-03-06T03:10:25.692291Z/files/6b6c91a5-1d0c-46e3-aeb0-04f294193ac4.jpeg,Normal
TRAIN,gs://p2slckaggle/P2 - Files/export_data-P2_SLC_Kaggle-2021-03-06T03:10:25.692291Z/files/8cc533b1-5988-4cd2-96bd-127dd15ef8d5.jpeg,Pneumonia
TRAIN,gs://p2slckaggle/P2 - Files/export_data-P2_SLC_Kaggle-2021-03-06T03:10:25.692291Z/files/3ab40868-654e-4521-b828-ce6e8f73ddb8.jpeg,Normal
TRAIN,gs://p2slckaggle/P2 - Files/export_data-P2_SLC_Kaggle-2021-03-06T03:10:25.692291Z/files/7345c99a-0521-486f-8095-a7ac672cb4b7.jpeg,Pneumonia
TRAIN,gs://p2slckaggle/P2 - Files/export_data-P2_SLC_Kaggle-2021-03-06T03:10:25.692291Z/files/5aa691ff-4b49-4eef-8903-fcf0ed94a693.jpeg,Pneumonia
TRAIN,gs://p2slckaggle/P2 - Files/export_data-P2_SLC_Kaggle-2021-03-06T03:10:25.692291Z/files/539ae20a-2d8c-45db-aa5a-6b97097be433.jpeg,Pneumonia
TEST,gs://p2slckaggle/P2 - Files/export_data-P2_SLC_Kaggle-2021-03-06T03:10:25.692291Z/files/bae71d73-ae7d-42b6-889b-c5dff2bf2e6d.jpeg,Normal
TRAIN,gs://p2slckaggle/P2 - Files/export_data-P2_SLC_Kaggle-2021-03-06T03:10:25.692291Z/files/6e355fe4-9919-49dd-9008-83fc9a300805.jpeg,Pneumonia
VALIDATION,gs://p2slckaggle/P2 - Files/export_data-P2_SLC_Kaggle-2021-03-06T03:10:25.692291Z/files/d0658301-7959-4c15-88f0-f75ac51485d6.jpeg,Pneumonia
TRAIN,gs://p2slckaggle/P2 - Files/export_data-P2_SLC_Kaggle-2021-03-06T03:10:25.692291Z/files/0ed2fec8-50a9-4462-b7bb-d67c2d0d8b60.jpeg,Normal
TRAIN,gs://p2slckaggle/P2 - Files/export_data-P2_SLC_Kaggle-2021-03-06T03:10:25.692291Z/files/a4ed17ff-0f4c-49b1-8508-f09aaecffa7e.jpeg,Normal
TRAIN,gs://p2slckaggle/P2 - Files/export_data-P2_SLC_Kaggle-2021-03-06T03:10:25.692291Z/files/9b9f6585-fad1-4bde-a3f9-a9bd10767156.jpeg,Pneumonia
TRAIN,gs://p2slckaggle/P2 - Files/export_data-P2_SLC_Kaggle-2021-03-06T03:10:25.692291Z/files/9bbafc2e-3ff7-4582-90d8-d442d5f86aeb.jpeg,Pneumonia
TEST,gs://p2slckaggle/P2 - Files/export_data-P2_SLC_Kaggle-2021-03-06T03:10:25.692291Z/files/447be979-7a52-4749-8ee7-56d7c54bb9b8.jpeg,Pneumonia
TRAIN,gs://p2slckaggle/P2 - Files/export_data-P2_SLC_Kaggle-2021-03-06T03:10:25.692291Z/files/e0d141a3-857a-4f66-886a-c959e5040d0b.jpeg,Normal
TRAIN,gs://p2slckaggle/P2 - Files/export_data-P2_SLC_Kaggle-2021-03-06T03:10:25.692291Z/files/58ba497f-2b4a-4ed7-9e92-ee30f04c369b.jpeg,Normal
TRAIN,gs://p2slckaggle/P2 - Files/export_data-P2_SLC_Kaggle-2021-03-06T03:10:25.692291Z/files/75fe6aee-2163-4b0b-8b02-c244fbe6f894.jpeg,Normal
TRAIN,gs://p2slckaggle/P2 - Files/export_data-P2_SLC_Kaggle-2021-03-06T03:10:25.692291Z/files/cb3d6264-aa41-4c5b-b0df-5cc6f3513eec.jpeg,Pneumonia
TRAIN,gs://p2slckaggle/P2 - Files/export_data-P2_SLC_Kaggle-2021-03-06T03:10:25.692291Z/files/184bf5bb-1f4e-4327-a01f-6bf4a1336960.jpeg,Normal
VALIDATION,gs://p2slckaggle/P2 - Files/export_data-P2_SLC_Kaggle-2021-03-06T03:10:25.692291Z/files/374571b1-7712-4a15-99fc-0ca25d98660d.jpeg,Normal
TRAIN,gs://p2slckaggle/P2 - Files/export_data-P2_SLC_Kaggle-2021-03-06T03:10:25.692291Z/files/e067b9bd-5576-465e-b7e3-4d40b5f72270.jpeg,Normal
TRAIN,gs://p2slckaggle/P2 - Files/export_data-P2_SLC_Kaggle-2021-03-06T03:10:25.692291Z/files/ba0d357a-5b81-4711-bda7-962e70f0ba80.jpeg,Normal
TEST,gs://p2slckaggle/P2 - Files/export_data-P2_SLC_Kaggle-2021-03-06T03:10:25.692291Z/files/95a43458-8da9-41ee-bd66-b4aefac2c45b.jpeg,Normal
TRAIN,gs://p2slckaggle/P2 - Files/export_data-P2_SLC_Kaggle-2021-03-06T03:10:25.692291Z/files/473e3a83-05c6-426e-8bf1-b3d5d380aa9d.jpeg,Normal
TRAIN,gs://p2slckaggle/P2 - Files/export_data-P2_SLC_Kaggle-2021-03-06T03:10:25.692291Z/files/9ac0c74c-d155-4ec9-b4db-ed1207d56017.jpeg,Pneumonia
TRAIN,gs://p2slckaggle/P2 - Files/export_data-P2_SLC_Kaggle-2021-03-06T03:10:25.692291Z/files/f0677b49-a934-4159-9dbf-3c233b311e09.jpeg,Pneumonia
TRAIN,gs://p2slckaggle/P2 - Files/export_data-P2_SLC_Kaggle-2021-03-06T03:10:25.692291Z/files/0b41505e-7740-43cd-92f8-4124c501ae2b.jpeg,Normal
TRAIN,gs://p2slckaggle/P2 - Files/export_data-P2_SLC_Kaggle-2021-03-06T03:10:25.692291Z/files/e834c87f-7850-4a0e-a365-929ea308544f.jpeg,Pneumonia
TRAIN,gs://p2slckaggle/P2 - Files/export_data-P2_SLC_Kaggle-2021-03-06T03:10:25.692291Z/files/39da1709-8f0f-4c1a-98ba-ec6cefc65e8e.jpeg,Pneumonia
TRAIN,gs://p2slckaggle/P2 - Files/export_data-P2_SLC_Kaggle-2021-03-06T03:10:25.692291Z/files/cca15a45-2f4c-46ae-a156-e30204ca73e5.jpeg,Pneumonia
TRAIN,gs://p2slckaggle/P2 - Files/export_data-P2_SLC_Kaggle-2021-03-06T03:10:25.692291Z/files/38e734cd-bb88-4487-878b-f42e6e830333.jpeg,Normal
TRAIN,gs://p2slckaggle/P2 - Files/export_data-P2_SLC_Kaggle-2021-03-06T03:10:25.692291Z/files/2dedb3a8-3daf-4681-add9-4ff06df3ef29.jpeg,Normal
VALIDATION,gs://p2slckaggle/P2 - Files/export_data-P2_SLC_Kaggle-2021-03-06T03:10:25.692291Z/files/669ff2c5-308f-4972-b88b-6cabfb910bbd.jpeg,Pneumonia
TRAIN,gs://p2slckaggle/P2 - Files/export_data-P2_SLC_Kaggle-2021-03-06T03:10:25.692291Z/files/36deb875-04f7-4c9f-a3f5-8fa1c70ceb61.jpeg,Normal
TRAIN,gs://p2slckaggle/P2 - Files/export_data-P2_SLC_Kaggle-2021-03-06T03:10:25.692291Z/files/00e677ac-8563-4de6-a3ed-1b53f5a58314.jpeg,Normal
TRAIN,gs://p2slckaggle/P2 - Files/export_data-P2_SLC_Kaggle-2021-03-06T03:10:25.692291Z/files/bafbfadd-9f1e-43ae-aace-f754a271e95f.jpeg,Pneumonia
TRAIN,gs://p2slckaggle/P2 - Files/export_data-P2_SLC_Kaggle-2021-03-06T03:10:25.692291Z/files/741978ca-e8b7-42ae-902a-7d9b4f4501a3.jpeg,Pneumonia
VALIDATION,gs://p2slckaggle/P2 - Files/export_data-P2_SLC_Kaggle-2021-03-06T03:10:25.692291Z/files/c1ad4513-8efe-4d8b-a43c-009bd3fe2299.jpeg,Normal
TEST,gs://p2slckaggle/P2 - Files/export_data-P2_SLC_Kaggle-2021-03-06T03:10:25.692291Z/files/d3ba46b6-bd4e-4d18-aef1-ed066d55f65d.jpeg,Pneumonia
TRAIN,gs://p2slckaggle/P2 - Files/export_data-P2_SLC_Kaggle-2021-03-06T03:10:25.692291Z/files/0f9dd456-30f1-43b0-821e-661bb9635bdd.jpeg,Pneumonia
TRAIN,gs://p2slckaggle/P2 - Files/export_data-P2_SLC_Kaggle-2021-03-06T03:10:25.692291Z/files/75b39b39-5899-4be5-87f7-cf3a66bd63a9.jpeg,Normal
TRAIN,gs://p2slckaggle/P2 - Files/export_data-P2_SLC_Kaggle-2021-03-06T03:10:25.692291Z/files/56f98d6a-0925-4673-aacd-8f45a714e593.jpeg,Pneumonia
TRAIN,gs://p2slckaggle/P2 - Files/export_data-P2_SLC_Kaggle-2021-03-06T03:10:25.692291Z/files/a42c31f3-cc1e-43b0-85e4-7ab6e5732982.jpeg,Pneumonia
TRAIN,gs://p2slckaggle/P2 - Files/export_data-P2_SLC_Kaggle-2021-03-06T03:10:25.692291Z/files/dae51ce8-cdc1-4280-87f2-451f983c4e6f.jpeg,Pneumonia
TRAIN,gs://p2slckaggle/P2 - Files/export_data-P2_SLC_Kaggle-2021-03-06T03:10:25.692291Z/files/d6a6e3cb-08aa-43ff-9720-07673f3a3cf5.jpeg,Pneumonia
TRAIN,gs://p2slckaggle/P2 - Files/export_data-P2_SLC_Kaggle-2021-03-06T03:10:25.692291Z/files/66597002-75d7-4776-85c9-1d5cdbd02e84.jpeg,Pneumonia
VALIDATION,gs://p2slckaggle/P2 - Files/export_data-P2_SLC_Kaggle-2021-03-06T03:10:25.692291Z/files/bd19f007-5739-41e6-9f4e-df7eee6caee0.jpeg,Pneumonia
TRAIN,gs://p2slckaggle/P2 - Files/export_data-P2_SLC_Kaggle-2021-03-06T03:10:25.692291Z/files/c32426db-29d8-401b-a451-dbd2efd078ef.jpeg,Normal
TEST,gs://p2slckaggle/P2 - Files/export_data-P2_SLC_Kaggle-2021-03-06T03:10:25.692291Z/files/7a4ddf4f-300d-4248-a535-4a9a609c8fb8.jpeg,Normal
TRAIN,gs://p2slckaggle/P2 - Files/export_data-P2_SLC_Kaggle-2021-03-06T03:10:25.692291Z/files/45046d32-53ed-40f1-af4a-a877b66e8e88.jpeg,Pneumonia
TRAIN,gs://p2slckaggle/P2 - Files/export_data-P2_SLC_Kaggle-2021-03-06T03:10:25.692291Z/files/94c78959-f50a-4f42-a068-81c2044299f2.jpeg,Pneumonia
TRAIN,gs://p2slckaggle/P2 - Files/export_data-P2_SLC_Kaggle-2021-03-06T03:10:25.692291Z/files/f08914a5-8d34-4a42-afa9-5ad94e8f079c.jpeg,Normal
TRAIN,gs://p2slckaggle/P2 - Files/export_data-P2_SLC_Kaggle-2021-03-06T03:10:25.692291Z/files/7281dbf7-bec6-4343-959b-96a67c923ed4.jpeg,Normal
TRAIN,gs://p2slckaggle/P2 - Files/export_data-P2_SLC_Kaggle-2021-03-06T03:10:25.692291Z/files/f173b35f-d44b-4f3f-b20e-b9b7038ef578.jpeg,Normal
TRAIN,gs://p2slckaggle/P2 - Files/export_data-P2_SLC_Kaggle-2021-03-06T03:10:25.692291Z/files/e1766d0c-998e-48ff-8374-184fcde167f4.jpeg,Normal
TEST,gs://p2slckaggle/P2 - Files/export_data-P2_SLC_Kaggle-2021-03-06T03:10:25.692291Z/files/b35a9409-15d3-49f5-aa7d-6035a2b6beaf.jpeg,Pneumonia
TRAIN,gs://p2slckaggle/P2 - Files/export_data-P2_SLC_Kaggle-2021-03-06T03:10:25.692291Z/files/46e5fb5a-e594-42d0-b99f-2757f49a5828.jpeg,Normal
TRAIN,gs://p2slckaggle/P2 - Files/export_data-P2_SLC_Kaggle-2021-03-06T03:10:25.692291Z/files/67770430-46a9-48e5-b4dd-2635eb85ec82.jpeg,Pneumonia
TRAIN,gs://p2slckaggle/P2 - Files/export_data-P2_SLC_Kaggle-2021-03-06T03:10:25.692291Z/files/67b544e1-2794-4c45-a33b-74a49159a70a.jpeg,Normal
TRAIN,gs://p2slckaggle/P2 - Files/export_data-P2_SLC_Kaggle-2021-03-06T03:10:25.692291Z/files/3595c823-a47f-4ff2-84d2-6f74ff082676.jpeg,Pneumonia
TRAIN,gs://p2slckaggle/P2 - Files/export_data-P2_SLC_Kaggle-2021-03-06T03:10:25.692291Z/files/69f0d33f-97d0-441e-839c-7d7b8f0e3a95.jpeg,Pneumonia
TRAIN,gs://p2slckaggle/P2 - Files/export_data-P2_SLC_Kaggle-2021-03-06T03:10:25.692291Z/files/20579585-8c39-4c2d-8afb-b62f97f1896c.jpeg,Pneumonia
VALIDATION,gs://p2slckaggle/P2 - Files/export_data-P2_SLC_Kaggle-2021-03-06T03:10:25.692291Z/files/ebdb66b5-dd42-49bc-9df7-63b820c18b79.jpeg,Normal
TRAIN,gs://p2slckaggle/P2 - Files/export_data-P2_SLC_Kaggle-2021-03-06T03:10:25.692291Z/files/c8e5764d-4b5e-44fb-99c8-d98288619abc.jpeg,Normal
TRAIN,gs://p2slckaggle/P2 - Files/export_data-P2_SLC_Kaggle-2021-03-06T03:10:25.692291Z/files/e289dd95-b755-4340-bbfc-416235b97d54.jpeg,Pneumonia
TRAIN,gs://p2slckaggle/P2 - Files/export_data-P2_SLC_Kaggle-2021-03-06T03:10:25.692291Z/files/89da4f63-aeca-41cf-b9c0-386c6cf9f75c.jpeg,Pneumonia
TRAIN,gs://p2slckaggle/P2 - Files/export_data-P2_SLC_Kaggle-2021-03-06T03:10:25.692291Z/files/653b7401-5367-4d44-82e7-10023ee2a3c7.jpeg,Normal
VALIDATION,gs://p2slckaggle/P2 - Files/export_data-P2_SLC_Kaggle-2021-03-06T03:10:25.692291Z/files/4f3ab84f-82da-431f-a94a-c4047c6abd0a.jpeg,Pneumonia
TEST,gs://p2slckaggle/P2 - Files/export_data-P2_SLC_Kaggle-2021-03-06T03:10:25.692291Z/files/29826dd0-3b72-4c4d-b562-0a960834aff0.jpeg,Normal
TRAIN,gs://p2slckaggle/P2 - Files/export_data-P2_SLC_Kaggle-2021-03-06T03:10:25.692291Z/files/886bb146-9f0a-442f-a540-ee17e2106c56.jpeg,Normal
TRAIN,gs://p2slckaggle/P2 - Files/export_data-P2_SLC_Kaggle-2021-03-06T03:10:25.692291Z/files/3ff7dec9-61a0-40b8-9c2d-f4589d462b68.jpeg,Pneumonia
TRAIN,gs://p2slckaggle/P2 - Files/export_data-P2_SLC_Kaggle-2021-03-06T03:10:25.692291Z/files/e08011a6-29ff-417d-8e4d-e82877982118.jpeg,Normal
TRAIN,gs://p2slckaggle/P2 - Files/export_data-P2_SLC_Kaggle-2021-03-06T03:10:25.692291Z/files/056e16b6-ad9c-4662-a7b2-c0143020131d.jpeg,Pneumonia
TRAIN,gs://p2slckaggle/P2 - Files/export_data-P2_SLC_Kaggle-2021-03-06T03:10:25.692291Z/files/c4ea4ae3-4a58-4df3-afe6-c18c374eecb6.jpeg,Normal
TRAIN,gs://p2slckaggle/P2 - Files/export_data-P2_SLC_Kaggle-2021-03-06T03:10:25.692291Z/files/fe8cde40-7114-46cc-b95c-f1c640c458fc.jpeg,Normal
TEST,gs://p2slckaggle/P2 - Files/export_data-P2_SLC_Kaggle-2021-03-06T03:10:25.692291Z/files/015d0512-e3f6-4acc-9698-b91fd5d30a1b.jpeg,Pneumonia
TRAIN,gs://p2slckaggle/P2 - Files/export_data-P2_SLC_Kaggle-2021-03-06T03:10:25.692291Z/files/57e02286-8756-466f-934a-fe7374cabfad.jpeg,Normal
TRAIN,gs://p2slckaggle/P2 - Files/export_data-P2_SLC_Kaggle-2021-03-06T03:10:25.692291Z/files/c16e8c4c-d24f-4c6d-af83-92b3a3bf344d.jpeg,Normal
TRAIN,gs://p2slckaggle/P2 - Files/export_data-P2_SLC_Kaggle-2021-03-06T03:10:25.692291Z/files/f9f9a5d1-b367-4b60-9f09-17e304ac01d9.jpeg,Pneumonia
TRAIN,gs://p2slckaggle/P2 - Files/export_data-P2_SLC_Kaggle-2021-03-06T03:10:25.692291Z/files/1f5ff213-a31d-4a55-a350-faff9b1bfde5.jpeg,Pneumonia
TRAIN,gs://p2slckaggle/P2 - Files/export_data-P2_SLC_Kaggle-2021-03-06T03:10:25.692291Z/files/6d95326a-32a9-4db6-8df3-b970ab98b36d.jpeg,Pneumonia
VALIDATION,gs://p2slckaggle/P2 - Files/export_data-P2_SLC_Kaggle-2021-03-06T03:10:25.692291Z/files/7e41c63b-8d4b-4f4d-ba56-31f291919f70.jpeg,Normal
TRAIN,gs://p2slckaggle/P2 - Files/export_data-P2_SLC_Kaggle-2021-03-06T03:10:25.692291Z/files/7e657349-2e32-4fed-8490-5ef9e96ff70b.jpeg,Pneumonia
TRAIN,gs://p2slckaggle/P2 - Files/export_data-P2_SLC_Kaggle-2021-03-06T03:10:25.692291Z/files/af1ad6bb-1a32-4b30-bc6f-92acc03fe373.jpeg,Pneumonia
TRAIN,gs://p2slckaggle/P2 - Files/export_data-P2_SLC_Kaggle-2021-03-06T03:10:25.692291Z/files/d2e12b0e-ea5f-4b44-a76c-9849f9c98fa1.jpeg,Normal
TRAIN,gs://p2slckaggle/P2 - Files/export_data-P2_SLC_Kaggle-2021-03-06T03:10:25.692291Z/files/78ee8e8e-5c5e-4c18-bdfb-222d30350e7b.jpeg,Pneumonia
VALIDATION,gs://p2slckaggle/P2 - Files/export_data-P2_SLC_Kaggle-2021-03-06T03:10:25.692291Z/files/4b9f1822-2c47-4f21-bd5d-2b3e159b14a4.jpeg,Pneumonia
TRAIN,gs://p2slckaggle/P2 - Files/export_data-P2_SLC_Kaggle-2021-03-06T03:10:25.692291Z/files/c9ded1bf-0043-45a6-b99d-669c46d3ed05.jpeg,Normal
TEST,gs://p2slckaggle/P2 - Files/export_data-P2_SLC_Kaggle-2021-03-06T03:10:25.692291Z/files/96451a85-ac7e-415b-80f4-b8b7af8a348f.jpeg,Normal
TRAIN,gs://p2slckaggle/P2 - Files/export_data-P2_SLC_Kaggle-2021-03-06T03:10:25.692291Z/files/39154060-db5e-47ba-bfb2-a83718632d85.jpeg,Normal
TRAIN,gs://p2slckaggle/P2 - Files/export_data-P2_SLC_Kaggle-2021-03-06T03:10:25.692291Z/files/5caa01f4-4eef-4c2d-bdd8-6fa06fd3e64b.jpeg,Normal
TRAIN,gs://p2slckaggle/P2 - Files/export_data-P2_SLC_Kaggle-2021-03-06T03:10:25.692291Z/files/93ab8432-43b0-4a95-8766-f7490b310c0f.jpeg,Normal
TRAIN,gs://p2slckaggle/P2 - Files/export_data-P2_SLC_Kaggle-2021-03-06T03:10:25.692291Z/files/cb958cbf-cd80-4c8a-8456-8dc481dbe1c2.jpeg,Pneumonia
TRAIN,gs://p2slckaggle/P2 - Files/export_data-P2_SLC_Kaggle-2021-03-06T03:10:25.692291Z/files/0d2df1ba-d2a9-437f-833e-64e7b0f1d1ca.jpeg,Pneumonia
TEST,gs://p2slckaggle/P2 - Files/export_data-P2_SLC_Kaggle-2021-03-06T03:10:25.692291Z/files/40f77f9a-38a8-4775-af7f-ea8aaee1066b.jpeg,Pneumonia
TRAIN,gs://p2slckaggle/P2 - Files/export_data-P2_SLC_Kaggle-2021-03-06T03:10:25.692291Z/files/b8704b3f-4da7-4e24-aacf-99d152d0fcbc.jpeg,Pneumonia
TRAIN,gs://p2slckaggle/P2 - Files/export_data-P2_SLC_Kaggle-2021-03-06T03:10:25.692291Z/files/e3bf785e-01a7-473b-a7ec-462e66fc47c6.jpeg,Normal
TRAIN,gs://p2slckaggle/P2 - Files/export_data-P2_SLC_Kaggle-2021-03-06T03:10:25.692291Z/files/7b2ee5a6-5824-460e-a52e-2d680e8a33aa.jpeg,Pneumonia
TRAIN,gs://p2slckaggle/P2 - Files/export_data-P2_SLC_Kaggle-2021-03-06T03:10:25.692291Z/files/2f672d83-eb29-4e7f-910a-8afd8dfa374c.jpeg,Normal
TRAIN,gs://p2slckaggle/P2 - Files/export_data-P2_SLC_Kaggle-2021-03-06T03:10:25.692291Z/files/2049d7f2-6629-4135-85c2-98fbccdbb63d.jpeg,Pneumonia
TRAIN,gs://p2slckaggle/P2 - Files/export_data-P2_SLC_Kaggle-2021-03-06T03:10:25.692291Z/files/cfe94178-f798-452d-9f49-beaf5d18ca83.jpeg,Normal
VALIDATION,gs://p2slckaggle/P2 - Files/export_data-P2_SLC_Kaggle-2021-03-06T03:10:25.692291Z/files/c793ba65-ac48-4678-9dbe-3c5206e27d49.jpeg,Normal
TRAIN,gs://p2slckaggle/P2 - Files/export_data-P2_SLC_Kaggle-2021-03-06T03:10:25.692291Z/files/2c9bb749-8bfd-4732-b16d-224e0c99b428.jpeg,Normal
TRAIN,gs://p2slckaggle/P2 - Files/export_data-P2_SLC_Kaggle-2021-03-06T03:10:25.692291Z/files/822f84f7-3d11-425a-9bd5-588368054ad2.jpeg,Pneumonia
TRAIN,gs://p2slckaggle/P2 - Files/export_data-P2_SLC_Kaggle-2021-03-06T03:10:25.692291Z/files/a351dabc-e285-4724-b6b0-72d80cad9242.jpeg,Normal
TEST,gs://p2slckaggle/P2 - Files/export_data-P2_SLC_Kaggle-2021-03-06T03:10:25.692291Z/files/3a5cdd00-98d7-4047-9b9d-57a5907fd2a1.jpeg,Normal
TRAIN,gs://p2slckaggle/P2 - Files/export_data-P2_SLC_Kaggle-2021-03-06T03:10:25.692291Z/files/a1c3fadc-b13b-4fea-b6f3-b87cd0166042.jpeg,Normal
TRAIN,gs://p2slckaggle/P2 - Files/export_data-P2_SLC_Kaggle-2021-03-06T03:10:25.692291Z/files/1e47ad6e-bb63-4718-9fa2-0c1cb43dc677.jpeg,Normal
TRAIN,gs://p2slckaggle/P2 - Files/export_data-P2_SLC_Kaggle-2021-03-06T03:10:25.692291Z/files/550dd705-6b37-4bf4-81dc-54f1c8384b4b.jpeg,Pneumonia
TRAIN,gs://p2slckaggle/P2 - Files/export_data-P2_SLC_Kaggle-2021-03-06T03:10:25.692291Z/files/3d355934-dbd1-432e-81a7-423bb5bb19fe.jpeg,Normal
TRAIN,gs://p2slckaggle/P2 - Files/export_data-P2_SLC_Kaggle-2021-03-06T03:10:25.692291Z/files/f8af5891-f1df-46d6-b3ec-610ae64cad95.jpeg,Pneumonia
VALIDATION,gs://p2slckaggle/P2 - Files/export_data-P2_SLC_Kaggle-2021-03-06T03:10:25.692291Z/files/d4c65911-03db-4192-8c65-0cf9903e1705.jpeg,Pneumonia
TRAIN,gs://p2slckaggle/P2 - Files/export_data-P2_SLC_Kaggle-2021-03-06T03:10:25.692291Z/files/9b587194-263c-4b24-ba3a-a0f2a7cc9b9d.jpeg,Pneumonia
TRAIN,gs://p2slckaggle/P2 - Files/export_data-P2_SLC_Kaggle-2021-03-06T03:10:25.692291Z/files/d5bb8b0a-db66-49e2-9a81-54ec46d7edbe.jpeg,Pneumonia
TRAIN,gs://p2slckaggle/P2 - Files/export_data-P2_SLC_Kaggle-2021-03-06T03:10:25.692291Z/files/432046ba-e860-4766-bb96-78204d715861.jpeg,Normal
TEST,gs://p2slckaggle/P2 - Files/export_data-P2_SLC_Kaggle-2021-03-06T03:10:25.692291Z/files/83b66e3d-329b-4c41-b2b3-7d9a1f9e47b2.jpeg,Pneumonia
TRAIN,gs://p2slckaggle/P2 - Files/export_data-P2_SLC_Kaggle-2021-03-06T03:10:25.692291Z/files/bdeda87b-fc14-49cc-aace-8d2a55bb42de.jpeg,Normal
TRAIN,gs://p2slckaggle/P2 - Files/export_data-P2_SLC_Kaggle-2021-03-06T03:10:25.692291Z/files/5b866366-32e4-45b4-a116-58d54a711794.jpeg,Pneumonia
TRAIN,gs://p2slckaggle/P2 - Files/export_data-P2_SLC_Kaggle-2021-03-06T03:10:25.692291Z/files/2bed607e-442d-491f-9c81-62d401ee8146.jpeg,Normal
VALIDATION,gs://p2slckaggle/P2 - Files/export_data-P2_SLC_Kaggle-2021-03-06T03:10:25.692291Z/files/4821417f-8643-4851-a6fa-9c6e75d44440.jpeg,Normal
TRAIN,gs://p2slckaggle/P2 - Files/export_data-P2_SLC_Kaggle-2021-03-06T03:10:25.692291Z/files/4daea562-83b6-40c0-a023-0c556b36a019.jpeg,Normal
TRAIN,gs://p2slckaggle/P2 - Files/export_data-P2_SLC_Kaggle-2021-03-06T03:10:25.692291Z/files/0d0cb4fc-e908-4175-ad89-7c706b808874.jpeg,Pneumonia
TRAIN,gs://p2slckaggle/P2 - Files/export_data-P2_SLC_Kaggle-2021-03-06T03:10:25.692291Z/files/a18b567c-827c-4493-9e7e-b54e33e68202.jpeg,Pneumonia
TRAIN,gs://p2slckaggle/P2 - Files/export_data-P2_SLC_Kaggle-2021-03-06T03:10:25.692291Z/files/ade10b32-6d89-4b07-aa7b-a90fcf65bdc7.jpeg,Pneumonia
TRAIN,gs://p2slckaggle/P2 - Files/export_data-P2_SLC_Kaggle-2021-03-06T03:10:25.692291Z/files/8d509509-3c37-49ce-a712-18e3fb408844.jpeg,Normal
TRAIN,gs://p2slckaggle/P2 - Files/export_data-P2_SLC_Kaggle-2021-03-06T03:10:25.692291Z/files/c7fba20e-a594-48b7-842f-269b44830bc1.jpeg,Pneumonia
TRAIN,gs://p2slckaggle/P2 - Files/export_data-P2_SLC_Kaggle-2021-03-06T03:10:25.692291Z/files/4bfc0d8f-a563-4f17-afa2-e02f570e0d33.jpeg,Pneumonia
TEST,gs://p2slckaggle/P2 - Files/export_data-P2_SLC_Kaggle-2021-03-06T03:10:25.692291Z/files/a6e03c47-9a54-4532-8245-232c7e75df03.jpeg,Normal
VALIDATION,gs://p2slckaggle/P2 - Files/export_data-P2_SLC_Kaggle-2021-03-06T03:10:25.692291Z/files/525b8338-8f21-4458-b1af-bc3d585e93b1.jpeg,Pneumonia
TRAIN,gs://p2slckaggle/P2 - Files/export_data-P2_SLC_Kaggle-2021-03-06T03:10:25.692291Z/files/3998012d-ae08-4b7b-ac8c-a5c14fe3ba2f.jpeg,Normal
TRAIN,gs://p2slckaggle/P2 - Files/export_data-P2_SLC_Kaggle-2021-03-06T03:10:25.692291Z/files/09e0f0b7-d018-40cc-86ab-19af934300e2.jpeg,Pneumonia
TRAIN,gs://p2slckaggle/P2 - Files/export_data-P2_SLC_Kaggle-2021-03-06T03:10:25.692291Z/files/13944f49-e98b-4c44-8e90-2226d10d1521.jpeg,Normal
TRAIN,gs://p2slckaggle/P2 - Files/export_data-P2_SLC_Kaggle-2021-03-06T03:10:25.692291Z/files/2b70eedc-ebc2-42c8-a082-84cc6834c6f5.jpeg,Pneumonia
TRAIN,gs://p2slckaggle/P2 - Files/export_data-P2_SLC_Kaggle-2021-03-06T03:10:25.692291Z/files/dcb9235e-b4c0-48d9-936d-985b3dd6fa2e.jpeg,Normal
TRAIN,gs://p2slckaggle/P2 - Files/export_data-P2_SLC_Kaggle-2021-03-06T03:10:25.692291Z/files/50b4489b-e94b-42a3-8791-4113a81f231e.jpeg,Normal
TEST,gs://p2slckaggle/P2 - Files/export_data-P2_SLC_Kaggle-2021-03-06T03:10:25.692291Z/files/6f6f64fd-d511-4366-a23c-362f7e638a11.jpeg,Pneumonia
TRAIN,gs://p2slckaggle/P2 - Files/export_data-P2_SLC_Kaggle-2021-03-06T03:10:25.692291Z/files/0e49f33f-1c51-439f-bdec-d3e1573dc6ba.jpeg,Pneumonia
TRAIN,gs://p2slckaggle/P2 - Files/export_data-P2_SLC_Kaggle-2021-03-06T03:10:25.692291Z/files/a2db36f1-dcc5-4991-9d4e-4804722faf3f.jpeg,Pneumonia
TRAIN,gs://p2slckaggle/P2 - Files/export_data-P2_SLC_Kaggle-2021-03-06T03:10:25.692291Z/files/bd6c6ad1-544b-44ab-b6a4-ea6474e75f89.jpeg,Normal
TRAIN,gs://p2slckaggle/P2 - Files/export_data-P2_SLC_Kaggle-2021-03-06T03:10:25.692291Z/files/930a3636-8ca2-4d07-ba31-15760e745e67.jpeg,Pneumonia
TRAIN,gs://p2slckaggle/P2 - Files/export_data-P2_SLC_Kaggle-2021-03-06T03:10:25.692291Z/files/826033b4-f46e-44b6-95db-4698e85aa074.jpeg,Normal
VALIDATION,gs://p2slckaggle/P2 - Files/export_data-P2_SLC_Kaggle-2021-03-06T03:10:25.692291Z/files/dcf3a518-0d8c-4896-b467-6b7987b85db0.jpeg,Normal
TRAIN,gs://p2slckaggle/P2 - Files/export_data-P2_SLC_Kaggle-2021-03-06T03:10:25.692291Z/files/d85e1219-d043-4ebc-a531-1dfbb09e7cff.jpeg,Pneumonia
TRAIN,gs://p2slckaggle/P2 - Files/export_data-P2_SLC_Kaggle-2021-03-06T03:10:25.692291Z/files/0b1d8bcc-aec8-4350-ac83-90d9fbbe6d65.jpeg,Normal
TRAIN,gs://p2slckaggle/P2 - Files/export_data-P2_SLC_Kaggle-2021-03-06T03:10:25.692291Z/files/fcfec5a1-d4b7-49ed-b7d9-dec364a2ebd3.jpeg,Pneumonia
TRAIN,gs://p2slckaggle/P2 - Files/export_data-P2_SLC_Kaggle-2021-03-06T03:10:25.692291Z/files/5e388951-d708-48fd-a041-ee760f3d2a30.jpeg,Pneumonia
VALIDATION,gs://p2slckaggle/P2 - Files/export_data-P2_SLC_Kaggle-2021-03-06T03:10:25.692291Z/files/23023462-8f2d-402c-8e93-7941c7e0d4ac.jpeg,Pneumonia
TRAIN,gs://p2slckaggle/P2 - Files/export_data-P2_SLC_Kaggle-2021-03-06T03:10:25.692291Z/files/1a8743c4-56bd-449f-bbcc-9cd022c7cf3c.jpeg,Normal
TEST,gs://p2slckaggle/P2 - Files/export_data-P2_SLC_Kaggle-2021-03-06T03:10:25.692291Z/files/dd7804f1-27de-4450-b4d7-edb0ba73b54a.jpeg,Normal
TRAIN,gs://p2slckaggle/P2 - Files/export_data-P2_SLC_Kaggle-2021-03-06T03:10:25.692291Z/files/17ff8742-6eb3-4918-90bb-ff4041b96786.jpeg,Normal
TRAIN,gs://p2slckaggle/P2 - Files/export_data-P2_SLC_Kaggle-2021-03-06T03:10:25.692291Z/files/c2c3e79e-ca20-4a0d-b9b3-7fde0953c3b7.jpeg,Pneumonia
TRAIN,gs://p2slckaggle/P2 - Files/export_data-P2_SLC_Kaggle-2021-03-06T03:10:25.692291Z/files/4f32cfcf-476a-4b8e-8feb-35879a9ebd55.jpeg,Normal
TRAIN,gs://p2slckaggle/P2 - Files/export_data-P2_SLC_Kaggle-2021-03-06T03:10:25.692291Z/files/9a9e6088-bd27-4a15-a83c-81522a91649c.jpeg,Pneumonia
TRAIN,gs://p2slckaggle/P2 - Files/export_data-P2_SLC_Kaggle-2021-03-06T03:10:25.692291Z/files/851c71ec-8d3f-4c33-86e7-af2d78fab581.jpeg,Normal
TEST,gs://p2slckaggle/P2 - Files/export_data-P2_SLC_Kaggle-2021-03-06T03:10:25.692291Z/files/d788c71a-3a47-4ced-a83a-577e2ec8709b.jpeg,Pneumonia
TRAIN,gs://p2slckaggle/P2 - Files/export_data-P2_SLC_Kaggle-2021-03-06T03:10:25.692291Z/files/7225bb84-ac0b-474d-b42f-c8f93d2e554a.jpeg,Pneumonia
TRAIN,gs://p2slckaggle/P2 - Files/export_data-P2_SLC_Kaggle-2021-03-06T03:10:25.692291Z/files/47dd9bf2-0d53-4c95-8680-efa87c58c002.jpeg,Pneumonia
TRAIN,gs://p2slckaggle/P2 - Files/export_data-P2_SLC_Kaggle-2021-03-06T03:10:25.692291Z/files/f110f1d3-a73d-4ede-b1d0-fef1e10ff5e3.jpeg,Pneumonia
TRAIN,gs://p2slckaggle/P2 - Files/export_data-P2_SLC_Kaggle-2021-03-06T03:10:25.692291Z/files/0bd9bfe4-d6cb-496f-9f61-b5d657c39800.jpeg,Pneumonia
TRAIN,gs://p2slckaggle/P2 - Files/export_data-P2_SLC_Kaggle-2021-03-06T03:10:25.692291Z/files/e371f121-a490-4315-9c4e-22382d7c21f8.jpeg,Normal
TRAIN,gs://p2slckaggle/P2 - Files/export_data-P2_SLC_Kaggle-2021-03-06T03:10:25.692291Z/files/d7f81936-ee12-4d20-b857-cdfe1ebb4f10.jpeg,Pneumonia
TRAIN,gs://p2slckaggle/P2 - Files/export_data-P2_SLC_Kaggle-2021-03-06T03:10:25.692291Z/files/c7b1a96b-b153-4577-866c-748a998ccd7c.jpeg,Normal
TRAIN,gs://p2slckaggle/P2 - Files/export_data-P2_SLC_Kaggle-2021-03-06T03:10:25.692291Z/files/0d0eca1b-e3e0-4876-b50d-3c0c8292246a.jpeg,Pneumonia
VALIDATION,gs://p2slckaggle/P2 - Files/export_data-P2_SLC_Kaggle-2021-03-06T03:10:25.692291Z/files/ed985b9d-7af9-4b9a-ab77-9e1797dda542.jpeg,Pneumonia
TRAIN,gs://p2slckaggle/P2 - Files/export_data-P2_SLC_Kaggle-2021-03-06T03:10:25.692291Z/files/9155c1f4-d506-485b-bdf9-7e6be5b0d380.jpeg,Pneumonia
TRAIN,gs://p2slckaggle/P2 - Files/export_data-P2_SLC_Kaggle-2021-03-06T03:10:25.692291Z/files/fa30592c-0d43-4e26-a7ad-20e101f0e4bf.jpeg,Pneumonia
TRAIN,gs://p2slckaggle/P2 - Files/export_data-P2_SLC_Kaggle-2021-03-06T03:10:25.692291Z/files/82d626c9-0640-4130-bcc8-defca5a64b0c.jpeg,Normal
TEST,gs://p2slckaggle/P2 - Files/export_data-P2_SLC_Kaggle-2021-03-06T03:10:25.692291Z/files/5e0e8a34-c772-4bf9-adf8-89b1f1cb84a7.jpeg,Pneumonia
TRAIN,gs://p2slckaggle/P2 - Files/export_data-P2_SLC_Kaggle-2021-03-06T03:10:25.692291Z/files/e93579ce-8ce5-40e7-bcef-f8474af3ae08.jpeg,Pneumonia
VALIDATION,gs://p2slckaggle/P2 - Files/export_data-P2_SLC_Kaggle-2021-03-06T03:10:25.692291Z/files/9f2b89d7-921a-420f-82c8-31e12e707ced.jpeg,Normal
TRAIN,gs://p2slckaggle/P2 - Files/export_data-P2_SLC_Kaggle-2021-03-06T03:10:25.692291Z/files/fcc710d1-e164-4bd7-8619-3fd7dbe47a5e.jpeg,Pneumonia
TRAIN,gs://p2slckaggle/P2 - Files/export_data-P2_SLC_Kaggle-2021-03-06T03:10:25.692291Z/files/85330f84-779f-44bd-8f3f-f9e5cc1ee2f9.jpeg,Pneumonia
TRAIN,gs://p2slckaggle/P2 - Files/export_data-P2_SLC_Kaggle-2021-03-06T03:10:25.692291Z/files/9317f4e1-0583-40ca-88fa-dd94508097cd.jpeg,Pneumonia
TRAIN,gs://p2slckaggle/P2 - Files/export_data-P2_SLC_Kaggle-2021-03-06T03:10:25.692291Z/files/a93b3043-be12-44ef-8a06-480a87b1d45f.jpeg,Normal
TRAIN,gs://p2slckaggle/P2 - Files/export_data-P2_SLC_Kaggle-2021-03-06T03:10:25.692291Z/files/1f372ef6-82c4-440b-af8e-f840dc045b93.jpeg,Pneumonia
TRAIN,gs://p2slckaggle/P2 - Files/export_data-P2_SLC_Kaggle-2021-03-06T03:10:25.692291Z/files/fe17f3b6-0efa-4cc5-b72e-a78a7292b923.jpeg,Pneumonia
TRAIN,gs://p2slckaggle/P2 - Files/export_data-P2_SLC_Kaggle-2021-03-06T03:10:25.692291Z/files/c19d854d-1bd3-4a3c-8977-e01bec44c0d2.jpeg,Normal
TEST,gs://p2slckaggle/P2 - Files/export_data-P2_SLC_Kaggle-2021-03-06T03:10:25.692291Z/files/84577492-3d45-4d50-bd56-c9459d7e99cf.jpeg,Normal
TRAIN,gs://p2slckaggle/P2 - Files/export_data-P2_SLC_Kaggle-2021-03-06T03:10:25.692291Z/files/bc60f618-4fc6-4bc4-b416-b8dd4b4c7f08.jpeg,Normal
VALIDATION,gs://p2slckaggle/P2 - Files/export_data-P2_SLC_Kaggle-2021-03-06T03:10:25.692291Z/files/9a24504b-19b5-4b6e-8da3-f0c860d82fdf.jpeg,Pneumonia
TRAIN,gs://p2slckaggle/P2 - Files/export_data-P2_SLC_Kaggle-2021-03-06T03:10:25.692291Z/files/5c542eaf-2ca9-4fd0-ae21-f3bd7ea5e4f3.jpeg,Pneumonia
TRAIN,gs://p2slckaggle/P2 - Files/export_data-P2_SLC_Kaggle-2021-03-06T03:10:25.692291Z/files/0595dba4-2363-4969-b40d-1dd8a7dca5f9.jpeg,Normal
TRAIN,gs://p2slckaggle/P2 - Files/export_data-P2_SLC_Kaggle-2021-03-06T03:10:25.692291Z/files/f240d31b-1ef0-41cb-8181-2f86eb7aa376.jpeg,Pneumonia
TRAIN,gs://p2slckaggle/P2 - Files/export_data-P2_SLC_Kaggle-2021-03-06T03:10:25.692291Z/files/1375de6c-6792-4c51-b824-339946f9aad3.jpeg,Normal
TEST,gs://p2slckaggle/P2 - Files/export_data-P2_SLC_Kaggle-2021-03-06T03:10:25.692291Z/files/a41a1717-3f90-4d37-99b0-f132729fceb6.jpeg,Pneumonia
TRAIN,gs://p2slckaggle/P2 - Files/export_data-P2_SLC_Kaggle-2021-03-06T03:10:25.692291Z/files/38ee9909-f442-460c-a4fb-fcddef2dd660.jpeg,Pneumonia
TRAIN,gs://p2slckaggle/P2 - Files/export_data-P2_SLC_Kaggle-2021-03-06T03:10:25.692291Z/files/502c0251-1b58-45c1-bb9b-9282a29f95cd.jpeg,Pneumonia
TRAIN,gs://p2slckaggle/P2 - Files/export_data-P2_SLC_Kaggle-2021-03-06T03:10:25.692291Z/files/b600f52b-010e-4aa8-bb9c-78873272dfd0.jpeg,Pneumonia
TRAIN,gs://p2slckaggle/P2 - Files/export_data-P2_SLC_Kaggle-2021-03-06T03:10:25.692291Z/files/e6521f2b-63c0-49e2-b141-d4cf86053fa2.jpeg,Normal
TRAIN,gs://p2slckaggle/P2 - Files/export_data-P2_SLC_Kaggle-2021-03-06T03:10:25.692291Z/files/837cacc4-3c97-4448-9475-51bdeca26859.jpeg,Pneumonia
TRAIN,gs://p2slckaggle/P2 - Files/export_data-P2_SLC_Kaggle-2021-03-06T03:10:25.692291Z/files/a809a550-217b-429c-bb7f-f5f6338d5f78.jpeg,Normal
TRAIN,gs://p2slckaggle/P2 - Files/export_data-P2_SLC_Kaggle-2021-03-06T03:10:25.692291Z/files/e23ee130-d0c3-4061-aa69-90adb6d736e7.jpeg,Normal
TRAIN,gs://p2slckaggle/P2 - Files/export_data-P2_SLC_Kaggle-2021-03-06T03:10:25.692291Z/files/08b42308-6076-4a8e-b242-a4c2167d26eb.jpeg,Pneumonia
VALIDATION,gs://p2slckaggle/P2 - Files/export_data-P2_SLC_Kaggle-2021-03-06T03:10:25.692291Z/files/70e4fc3a-2567-472d-a0e6-0c23a1656be7.jpeg,Normal
TRAIN,gs://p2slckaggle/P2 - Files/export_data-P2_SLC_Kaggle-2021-03-06T03:10:25.692291Z/files/50d30307-7f8d-4057-a657-4fbbaf814a83.jpeg,Pneumonia
TRAIN,gs://p2slckaggle/P2 - Files/export_data-P2_SLC_Kaggle-2021-03-06T03:10:25.692291Z/files/9e2d4660-30d2-41d8-bc43-124a0c5ab221.jpeg,Normal
TRAIN,gs://p2slckaggle/P2 - Files/export_data-P2_SLC_Kaggle-2021-03-06T03:10:25.692291Z/files/915e35bd-7cda-46a5-afdc-96834f2c4bc6.jpeg,Normal
TEST,gs://p2slckaggle/P2 - Files/export_data-P2_SLC_Kaggle-2021-03-06T03:10:25.692291Z/files/8ce8dad0-e997-4254-b134-c034f5a3f013.jpeg,Normal
VALIDATION,gs://p2slckaggle/P2 - Files/export_data-P2_SLC_Kaggle-2021-03-06T03:10:25.692291Z/files/0c33c583-792d-41ac-8fbe-cd19abdc52b5.jpeg,Pneumonia
TRAIN,gs://p2slckaggle/P2 - Files/export_data-P2_SLC_Kaggle-2021-03-06T03:10:25.692291Z/files/4710a4b6-4248-4062-943f-80296fa19234.jpeg,Pneumonia
TRAIN,gs://p2slckaggle/P2 - Files/export_data-P2_SLC_Kaggle-2021-03-06T03:10:25.692291Z/files/228acf38-d2ab-40e4-8078-d0cd9a86e1a9.jpeg,Normal
TRAIN,gs://p2slckaggle/P2 - Files/export_data-P2_SLC_Kaggle-2021-03-06T03:10:25.692291Z/files/0ce21312-75dc-4456-8de4-f1465860bb7e.jpeg,Pneumonia
TEST,gs://p2slckaggle/P2 - Files/export_data-P2_SLC_Kaggle-2021-03-06T03:10:25.692291Z/files/73d517d0-8f31-4ab7-8f6c-1916dfb062bf.jpeg,Pneumonia
TRAIN,gs://p2slckaggle/P2 - Files/export_data-P2_SLC_Kaggle-2021-03-06T03:10:25.692291Z/files/ae5edfc4-bc41-4b53-9ffe-0f695a736399.jpeg,Normal
TRAIN,gs://p2slckaggle/P2 - Files/export_data-P2_SLC_Kaggle-2021-03-06T03:10:25.692291Z/files/b7223aa1-526e-42e4-a8af-b4daf08ad99e.jpeg,Pneumonia
TRAIN,gs://p2slckaggle/P2 - Files/export_data-P2_SLC_Kaggle-2021-03-06T03:10:25.692291Z/files/bf4ae894-3f12-4c73-94d2-166561a23a12.jpeg,Pneumonia
TRAIN,gs://p2slckaggle/P2 - Files/export_data-P2_SLC_Kaggle-2021-03-06T03:10:25.692291Z/files/f422256c-1873-4856-b4cd-aadb7ded0a32.jpeg,Normal
TRAIN,gs://p2slckaggle/P2 - Files/export_data-P2_SLC_Kaggle-2021-03-06T03:10:25.692291Z/files/79e5a470-1796-4d69-afe5-e0527e33cfe0.jpeg,Normal
TRAIN,gs://p2slckaggle/P2 - Files/export_data-P2_SLC_Kaggle-2021-03-06T03:10:25.692291Z/files/c30cfd37-bdb4-436c-8992-691de431f08b.jpeg,Pneumonia
TRAIN,gs://p2slckaggle/P2 - Files/export_data-P2_SLC_Kaggle-2021-03-06T03:10:25.692291Z/files/e44f3e19-6656-4231-9dac-8d0a09108eb5.jpeg,Pneumonia
TRAIN,gs://p2slckaggle/P2 - Files/export_data-P2_SLC_Kaggle-2021-03-06T03:10:25.692291Z/files/69a17d70-7547-46b5-b816-9db9aa67aa14.jpeg,Pneumonia
TRAIN,gs://p2slckaggle/P2 - Files/export_data-P2_SLC_Kaggle-2021-03-06T03:10:25.692291Z/files/681727e6-78b3-4839-9172-30b4a9c89f67.jpeg,Normal
TRAIN,gs://p2slckaggle/P2 - Files/export_data-P2_SLC_Kaggle-2021-03-06T03:10:25.692291Z/files/168492f1-88eb-42ca-838d-c09518040a63.jpeg,Normal
VALIDATION,gs://p2slckaggle/P2 - Files/export_data-P2_SLC_Kaggle-2021-03-06T03:10:25.692291Z/files/b83f9776-f8cd-4d64-921e-ce66761f286d.jpeg,Normal
TRAIN,gs://p2slckaggle/P2 - Files/export_data-P2_SLC_Kaggle-2021-03-06T03:10:25.692291Z/files/28913d5c-d54f-47b6-b9b9-dca69d383f3e.jpeg,Normal
TRAIN,gs://p2slckaggle/P2 - Files/export_data-P2_SLC_Kaggle-2021-03-06T03:10:25.692291Z/files/c99a5579-fabc-470a-b9b6-d94bb4164299.jpeg,Pneumonia
TRAIN,gs://p2slckaggle/P2 - Files/export_data-P2_SLC_Kaggle-2021-03-06T03:10:25.692291Z/files/c45b0f4c-e4cd-45a4-a301-378b04d60b80.jpeg,Normal
TEST,gs://p2slckaggle/P2 - Files/export_data-P2_SLC_Kaggle-2021-03-06T03:10:25.692291Z/files/524cf04b-3928-4a9d-98d1-ae5bdb962055.jpeg,Normal
VALIDATION,gs://p2slckaggle/P2 - Files/export_data-P2_SLC_Kaggle-2021-03-06T03:10:25.692291Z/files/6cc156ea-5c9a-4a82-bee9-d8fb127462ff.jpeg,Pneumonia
TRAIN,gs://p2slckaggle/P2 - Files/export_data-P2_SLC_Kaggle-2021-03-06T03:10:25.692291Z/files/e3d63f6a-eee1-423a-89b0-a8e365f631c1.jpeg,Pneumonia
TRAIN,gs://p2slckaggle/P2 - Files/export_data-P2_SLC_Kaggle-2021-03-06T03:10:25.692291Z/files/64304fc3-5a31-4677-9f44-48a93cffa29e.jpeg,Normal
TRAIN,gs://p2slckaggle/P2 - Files/export_data-P2_SLC_Kaggle-2021-03-06T03:10:25.692291Z/files/f76a8b43-abed-4ec5-bc3f-c523e82aa228.jpeg,Pneumonia
TRAIN,gs://p2slckaggle/P2 - Files/export_data-P2_SLC_Kaggle-2021-03-06T03:10:25.692291Z/files/7ee7c2bf-6239-4793-bb22-befbde092947.jpeg,Normal
TRAIN,gs://p2slckaggle/P2 - Files/export_data-P2_SLC_Kaggle-2021-03-06T03:10:25.692291Z/files/33971498-2823-431f-a9c6-24e751f8b794.jpeg,Normal
TEST,gs://p2slckaggle/P2 - Files/export_data-P2_SLC_Kaggle-2021-03-06T03:10:25.692291Z/files/939fec77-2508-493a-9a69-a8abcd6be55c.jpeg,Pneumonia
TRAIN,gs://p2slckaggle/P2 - Files/export_data-P2_SLC_Kaggle-2021-03-06T03:10:25.692291Z/files/85a76ce3-00cd-4546-aa82-4c2616d595bb.jpeg,Normal
TRAIN,gs://p2slckaggle/P2 - Files/export_data-P2_SLC_Kaggle-2021-03-06T03:10:25.692291Z/files/029b3cb4-1d52-496c-94ab-fc9d58d8e86a.jpeg,Pneumonia
TRAIN,gs://p2slckaggle/P2 - Files/export_data-P2_SLC_Kaggle-2021-03-06T03:10:25.692291Z/files/fad3c0c2-2832-47be-b0b7-56f091b0f795.jpeg,Normal
TRAIN,gs://p2slckaggle/P2 - Files/export_data-P2_SLC_Kaggle-2021-03-06T03:10:25.692291Z/files/d72110f5-663b-4dee-8fb9-cc0af6bac3b3.jpeg,Normal
TRAIN,gs://p2slckaggle/P2 - Files/export_data-P2_SLC_Kaggle-2021-03-06T03:10:25.692291Z/files/dca48f0e-c3bd-47fb-a52c-8f1f38950ff8.jpeg,Pneumonia
TRAIN,gs://p2slckaggle/P2 - Files/export_data-P2_SLC_Kaggle-2021-03-06T03:10:25.692291Z/files/66602766-b379-4dbe-a4a5-968f620ac48f.jpeg,Pneumonia
TRAIN,gs://p2slckaggle/P2 - Files/export_data-P2_SLC_Kaggle-2021-03-06T03:10:25.692291Z/files/8b12ba05-89e3-42bb-923a-8b8fca20bd2e.jpeg,Pneumonia
TRAIN,gs://p2slckaggle/P2 - Files/export_data-P2_SLC_Kaggle-2021-03-06T03:10:25.692291Z/files/9fd41f32-2448-40f6-b08c-906302290f53.jpeg,Pneumonia
TRAIN,gs://p2slckaggle/P2 - Files/export_data-P2_SLC_Kaggle-2021-03-06T03:10:25.692291Z/files/7d716348-59e6-4fee-a780-b76085c2826e.jpeg,Pneumonia
VALIDATION,gs://p2slckaggle/P2 - Files/export_data-P2_SLC_Kaggle-2021-03-06T03:10:25.692291Z/files/4db77371-a2d1-471b-b09d-bf948a7a6b5f.jpeg,Pneumonia
VALIDATION,gs://p2slckaggle/P2 - Files/export_data-P2_SLC_Kaggle-2021-03-06T03:10:25.692291Z/files/b25c22b3-7466-4bca-9eaa-a3ccf9f4cebc.jpeg,Normal
TRAIN,gs://p2slckaggle/P2 - Files/export_data-P2_SLC_Kaggle-2021-03-06T03:10:25.692291Z/files/7a3fd4be-37d6-4ded-a539-1343fff9fa56.jpeg,Pneumonia
TRAIN,gs://p2slckaggle/P2 - Files/export_data-P2_SLC_Kaggle-2021-03-06T03:10:25.692291Z/files/1f41a0f9-5edf-4918-aa08-f224f34e9d4a.jpeg,Normal
TRAIN,gs://p2slckaggle/P2 - Files/export_data-P2_SLC_Kaggle-2021-03-06T03:10:25.692291Z/files/4b503f9f-30a7-4b50-804d-2589c94b3bf7.jpeg,Normal
TEST,gs://p2slckaggle/P2 - Files/export_data-P2_SLC_Kaggle-2021-03-06T03:10:25.692291Z/files/6baddaf1-7c47-4859-a370-0d3e7ed95a75.jpeg,Normal
TRAIN,gs://p2slckaggle/P2 - Files/export_data-P2_SLC_Kaggle-2021-03-06T03:10:25.692291Z/files/2fd42f29-dee9-49a2-ab3d-2160c311fdd4.jpeg,Pneumonia
TEST,gs://p2slckaggle/P2 - Files/export_data-P2_SLC_Kaggle-2021-03-06T03:10:25.692291Z/files/2c14aad8-0968-4bbc-92a0-5b120fbabe63.jpeg,Pneumonia
TRAIN,gs://p2slckaggle/P2 - Files/export_data-P2_SLC_Kaggle-2021-03-06T03:10:25.692291Z/files/0b32b6b2-9bd5-49c9-af6d-f47c3d542c4e.jpeg,Normal
TRAIN,gs://p2slckaggle/P2 - Files/export_data-P2_SLC_Kaggle-2021-03-06T03:10:25.692291Z/files/099bc77f-fdfe-4850-8e39-b4ce4351bb3e.jpeg,Pneumonia
TRAIN,gs://p2slckaggle/P2 - Files/export_data-P2_SLC_Kaggle-2021-03-06T03:10:25.692291Z/files/c09b3d64-7d6b-48cf-af67-ac0801dce863.jpeg,Normal
TRAIN,gs://p2slckaggle/P2 - Files/export_data-P2_SLC_Kaggle-2021-03-06T03:10:25.692291Z/files/7d5f4d41-a1a4-4862-b080-a440444d2492.jpeg,Normal
TRAIN,gs://p2slckaggle/P2 - Files/export_data-P2_SLC_Kaggle-2021-03-06T03:10:25.692291Z/files/5cca2994-7efb-4f5f-a889-997ca0009be9.jpeg,Normal
TRAIN,gs://p2slckaggle/P2 - Files/export_data-P2_SLC_Kaggle-2021-03-06T03:10:25.692291Z/files/dcafcc50-3839-4f6a-b3c1-70a482c65797.jpeg,Normal
TRAIN,gs://p2slckaggle/P2 - Files/export_data-P2_SLC_Kaggle-2021-03-06T03:10:25.692291Z/files/8b8b0f57-f292-4db5-bff4-95addcce903a.jpeg,Pneumonia
TRAIN,gs://p2slckaggle/P2 - Files/export_data-P2_SLC_Kaggle-2021-03-06T03:10:25.692291Z/files/4cd3e34e-e7bf-4b81-aba1-4ca392e643a6.jpeg,Pneumonia
TRAIN,gs://p2slckaggle/P2 - Files/export_data-P2_SLC_Kaggle-2021-03-06T03:10:25.692291Z/files/ccd8dbea-e05c-436f-b383-14ad4350e633.jpeg,Normal
VALIDATION,gs://p2slckaggle/P2 - Files/export_data-P2_SLC_Kaggle-2021-03-06T03:10:25.692291Z/files/52cb4434-876b-4ff2-a6c6-6d129510bfaf.jpeg,Normal
TRAIN,gs://p2slckaggle/P2 - Files/export_data-P2_SLC_Kaggle-2021-03-06T03:10:25.692291Z/files/212768eb-0afe-4f28-8898-5ca46d5e595e.jpeg,Normal
TRAIN,gs://p2slckaggle/P2 - Files/export_data-P2_SLC_Kaggle-2021-03-06T03:10:25.692291Z/files/7003e8c9-d87a-4593-9408-a0d40c0ccc92.jpeg,Normal
TRAIN,gs://p2slckaggle/P2 - Files/export_data-P2_SLC_Kaggle-2021-03-06T03:10:25.692291Z/files/342e5a17-41fa-4228-910a-778544dced1a.jpeg,Pneumonia
TRAIN,gs://p2slckaggle/P2 - Files/export_data-P2_SLC_Kaggle-2021-03-06T03:10:25.692291Z/files/b5610f52-8dc8-4d3e-84ee-528297fea698.jpeg,Pneumonia
TRAIN,gs://p2slckaggle/P2 - Files/export_data-P2_SLC_Kaggle-2021-03-06T03:10:25.692291Z/files/4509d6c0-b0c6-4efe-9138-602205cf87e8.jpeg,Pneumonia
VALIDATION,gs://p2slckaggle/P2 - Files/export_data-P2_SLC_Kaggle-2021-03-06T03:10:25.692291Z/files/23c27863-c20f-44af-9ff3-6ab20bade3aa.jpeg,Pneumonia
TEST,gs://p2slckaggle/P2 - Files/export_data-P2_SLC_Kaggle-2021-03-06T03:10:25.692291Z/files/00b50dce-de3f-4207-a800-8f84220bec08.jpeg,Normal
TRAIN,gs://p2slckaggle/P2 - Files/export_data-P2_SLC_Kaggle-2021-03-06T03:10:25.692291Z/files/5b7f036a-cbe3-4b6d-8529-bb96fe7c68c3.jpeg,Normal
TRAIN,gs://p2slckaggle/P2 - Files/export_data-P2_SLC_Kaggle-2021-03-06T03:10:25.692291Z/files/ff9bc12f-584d-4d24-ac57-d2482a060d89.jpeg,Normal
TRAIN,gs://p2slckaggle/P2 - Files/export_data-P2_SLC_Kaggle-2021-03-06T03:10:25.692291Z/files/6ac34367-336e-4491-9df8-7c43b3e7e6ce.jpeg,Pneumonia
TRAIN,gs://p2slckaggle/P2 - Files/export_data-P2_SLC_Kaggle-2021-03-06T03:10:25.692291Z/files/d352cb50-1e70-4b6d-be2c-df51d64a8dfb.jpeg,Normal
TRAIN,gs://p2slckaggle/P2 - Files/export_data-P2_SLC_Kaggle-2021-03-06T03:10:25.692291Z/files/3a243cb0-2a19-4c77-bb3c-e5847203a74d.jpeg,Normal
TRAIN,gs://p2slckaggle/P2 - Files/export_data-P2_SLC_Kaggle-2021-03-06T03:10:25.692291Z/files/a57ddf78-aef0-4ece-adef-0266cb670f15.jpeg,Normal
TRAIN,gs://p2slckaggle/P2 - Files/export_data-P2_SLC_Kaggle-2021-03-06T03:10:25.692291Z/files/a54c9846-2bf5-4577-8659-0fbe575d03ed.jpeg,Normal
TRAIN,gs://p2slckaggle/P2 - Files/export_data-P2_SLC_Kaggle-2021-03-06T03:10:25.692291Z/files/15f28838-7ccf-48d5-8137-81dbb4690834.jpeg,Pneumonia
TEST,gs://p2slckaggle/P2 - Files/export_data-P2_SLC_Kaggle-2021-03-06T03:10:25.692291Z/files/874fdb25-3999-43a9-9a85-da3ab0de78a2.jpeg,Pneumonia
VALIDATION,gs://p2slckaggle/P2 - Files/export_data-P2_SLC_Kaggle-2021-03-06T03:10:25.692291Z/files/ce6fa598-3686-48b7-ba64-4f319fc6609c.jpeg,Normal
TRAIN,gs://p2slckaggle/P2 - Files/export_data-P2_SLC_Kaggle-2021-03-06T03:10:25.692291Z/files/4c0d591a-36c3-4134-bcc7-f3ef1421564b.jpeg,Pneumonia
TRAIN,gs://p2slckaggle/P2 - Files/export_data-P2_SLC_Kaggle-2021-03-06T03:10:25.692291Z/files/fcca6650-5272-4802-b1a7-a9421b76eaff.jpeg,Pneumonia
TRAIN,gs://p2slckaggle/P2 - Files/export_data-P2_SLC_Kaggle-2021-03-06T03:10:25.692291Z/files/258bf815-acd2-4640-89dd-9eb8361ffcdd.jpeg,Normal
TRAIN,gs://p2slckaggle/P2 - Files/export_data-P2_SLC_Kaggle-2021-03-06T03:10:25.692291Z/files/66a31382-439b-4e94-bb17-6409b9f72f80.jpeg,Normal
TRAIN,gs://p2slckaggle/P2 - Files/export_data-P2_SLC_Kaggle-2021-03-06T03:10:25.692291Z/files/9374c5cf-5df8-40d4-9529-c4bf42c1ff5c.jpeg,Pneumonia
TRAIN,gs://p2slckaggle/P2 - Files/export_data-P2_SLC_Kaggle-2021-03-06T03:10:25.692291Z/files/7b3981a8-d750-4bef-8500-d5454e8f2aa6.jpeg,Pneumonia
TEST,gs://p2slckaggle/P2 - Files/export_data-P2_SLC_Kaggle-2021-03-06T03:10:25.692291Z/files/b6269939-4ff4-4bbf-a17d-576420b7e360.jpeg,Normal
TRAIN,gs://p2slckaggle/P2 - Files/export_data-P2_SLC_Kaggle-2021-03-06T03:10:25.692291Z/files/45156f18-9d61-40cd-9156-2db9e6d96e1b.jpeg,Normal
TRAIN,gs://p2slckaggle/P2 - Files/export_data-P2_SLC_Kaggle-2021-03-06T03:10:25.692291Z/files/f8c8911e-e64f-4bbd-8345-26707a1ea07b.jpeg,Normal
TRAIN,gs://p2slckaggle/P2 - Files/export_data-P2_SLC_Kaggle-2021-03-06T03:10:25.692291Z/files/96bc0ead-acb0-4676-8a21-4a9996721d38.jpeg,Normal
TRAIN,gs://p2slckaggle/P2 - Files/export_data-P2_SLC_Kaggle-2021-03-06T03:10:25.692291Z/files/2c522f97-ecb2-4f15-93ab-b8d2b5a652c4.jpeg,Normal
TRAIN,gs://p2slckaggle/P2 - Files/export_data-P2_SLC_Kaggle-2021-03-06T03:10:25.692291Z/files/76b65b9a-f2d4-443c-bda1-f7c3d175875c.jpeg,Pneumonia
TRAIN,gs://p2slckaggle/P2 - Files/export_data-P2_SLC_Kaggle-2021-03-06T03:10:25.692291Z/files/be372807-5c5e-40db-9fa9-d194a7f916c7.jpeg,Pneumonia
VALIDATION,gs://p2slckaggle/P2 - Files/export_data-P2_SLC_Kaggle-2021-03-06T03:10:25.692291Z/files/507d3c1f-a689-4bc7-8a2a-e9f999b1c9ef.jpeg,Pneumonia
TRAIN,gs://p2slckaggle/P2 - Files/export_data-P2_SLC_Kaggle-2021-03-06T03:10:25.692291Z/files/81c158a3-c4ac-4ec2-aa96-e53b50b1de83.jpeg,Normal
TRAIN,gs://p2slckaggle/P2 - Files/export_data-P2_SLC_Kaggle-2021-03-06T03:10:25.692291Z/files/ac3cca79-6ec6-40e9-b404-e34a4d29bb8f.jpeg,Pneumonia
TRAIN,gs://p2slckaggle/P2 - Files/export_data-P2_SLC_Kaggle-2021-03-06T03:10:25.692291Z/files/849ce5c0-3f69-4ede-b3e6-78a1ad5a2b5b.jpeg,Normal
VALIDATION,gs://p2slckaggle/P2 - Files/export_data-P2_SLC_Kaggle-2021-03-06T03:10:25.692291Z/files/5177c026-b9c3-43cf-abf4-2f1740ae75d9.jpeg,Normal
TRAIN,gs://p2slckaggle/P2 - Files/export_data-P2_SLC_Kaggle-2021-03-06T03:10:25.692291Z/files/f8c55f1a-ec14-4200-84a1-cb90fc0ff57b.jpeg,Pneumonia
TEST,gs://p2slckaggle/P2 - Files/export_data-P2_SLC_Kaggle-2021-03-06T03:10:25.692291Z/files/add043c8-40c1-47a2-8aa3-9b44cf1f9f40.jpeg,Pneumonia
TRAIN,gs://p2slckaggle/P2 - Files/export_data-P2_SLC_Kaggle-2021-03-06T03:10:25.692291Z/files/d7ca1add-a946-4d88-b55e-6b2b75ad0324.jpeg,Normal
TRAIN,gs://p2slckaggle/P2 - Files/export_data-P2_SLC_Kaggle-2021-03-06T03:10:25.692291Z/files/8d97ae77-7cd0-4846-80b3-9bcfa1e4b5d1.jpeg,Normal
TRAIN,gs://p2slckaggle/P2 - Files/export_data-P2_SLC_Kaggle-2021-03-06T03:10:25.692291Z/files/3ee17193-7a2c-42b1-9bf1-ef74ce62312c.jpeg,Pneumonia
TRAIN,gs://p2slckaggle/P2 - Files/export_data-P2_SLC_Kaggle-2021-03-06T03:10:25.692291Z/files/9d8feddb-964c-48e5-83e4-307389542861.jpeg,Pneumonia
TEST,gs://p2slckaggle/P2 - Files/export_data-P2_SLC_Kaggle-2021-03-06T03:10:25.692291Z/files/e516f7ce-435e-40a7-b3d7-5d42c50a09ab.jpeg,Normal
TRAIN,gs://p2slckaggle/P2 - Files/export_data-P2_SLC_Kaggle-2021-03-06T03:10:25.692291Z/files/12bd7d4c-7dbe-4f84-bb21-a85ef19a1c96.jpeg,Pneumonia
TRAIN,gs://p2slckaggle/P2 - Files/export_data-P2_SLC_Kaggle-2021-03-06T03:10:25.692291Z/files/fec42473-4962-497c-8af2-34872d989f0d.jpeg,Normal
TRAIN,gs://p2slckaggle/P2 - Files/export_data-P2_SLC_Kaggle-2021-03-06T03:10:25.692291Z/files/4f1e4aa5-fda6-4e12-b525-c6833928ad09.jpeg,Normal
TRAIN,gs://p2slckaggle/P2 - Files/export_data-P2_SLC_Kaggle-2021-03-06T03:10:25.692291Z/files/cb9478a1-9cfc-49ff-9294-e3c624caf2a4.jpeg,Pneumonia
TRAIN,gs://p2slckaggle/P2 - Files/export_data-P2_SLC_Kaggle-2021-03-06T03:10:25.692291Z/files/04938abe-c71a-411f-a206-d7d1b52dff86.jpeg,Normal
TRAIN,gs://p2slckaggle/P2 - Files/export_data-P2_SLC_Kaggle-2021-03-06T03:10:25.692291Z/files/e730c779-3b2f-4288-8703-63325451500b.jpeg,Normal
TRAIN,gs://p2slckaggle/P2 - Files/export_data-P2_SLC_Kaggle-2021-03-06T03:10:25.692291Z/files/32eba103-d381-4d32-a0ed-3622bd018868.jpeg,Normal
TRAIN,gs://p2slckaggle/P2 - Files/export_data-P2_SLC_Kaggle-2021-03-06T03:10:25.692291Z/files/daa3da56-a67a-4f1a-9a6e-285095d692ff.jpeg,Normal
TRAIN,gs://p2slckaggle/P2 - Files/export_data-P2_SLC_Kaggle-2021-03-06T03:10:25.692291Z/files/68e94674-6740-4a02-b80e-6f3eab886194.jpeg,Pneumonia
TRAIN,gs://p2slckaggle/P2 - Files/export_data-P2_SLC_Kaggle-2021-03-06T03:10:25.692291Z/files/7491f119-a547-41e5-9147-1969d4a4e18b.jpeg,Pneumonia
VALIDATION,gs://p2slckaggle/P2 - Files/export_data-P2_SLC_Kaggle-2021-03-06T03:10:25.692291Z/files/510cecf1-1f03-4499-b1e4-52213808e67d.jpeg,Normal
VALIDATION,gs://p2slckaggle/P2 - Files/export_data-P2_SLC_Kaggle-2021-03-06T03:10:25.692291Z/files/1ef55370-0f8a-41f5-8fff-edd6752f7df2.jpeg,Pneumonia
TRAIN,gs://p2slckaggle/P2 - Files/export_data-P2_SLC_Kaggle-2021-03-06T03:10:25.692291Z/files/3d56d008-3b68-41fd-98c5-a72a081d4bd3.jpeg,Normal
TRAIN,gs://p2slckaggle/P2 - Files/export_data-P2_SLC_Kaggle-2021-03-06T03:10:25.692291Z/files/04f59e95-2ec7-4e7e-81a9-c50bf7e3ce85.jpeg,Pneumonia
TRAIN,gs://p2slckaggle/P2 - Files/export_data-P2_SLC_Kaggle-2021-03-06T03:10:25.692291Z/files/19bfde18-3d6d-41bc-b23a-c2c16ef85277.jpeg,Pneumonia
TRAIN,gs://p2slckaggle/P2 - Files/export_data-P2_SLC_Kaggle-2021-03-06T03:10:25.692291Z/files/ec86055b-914f-4e90-84e7-c2015c3c6ae3.jpeg,Normal
TEST,gs://p2slckaggle/P2 - Files/export_data-P2_SLC_Kaggle-2021-03-06T03:10:25.692291Z/files/777fa298-2db0-4c9f-8c7c-e6e639ab5cf4.jpeg,Normal
TEST,gs://p2slckaggle/P2 - Files/export_data-P2_SLC_Kaggle-2021-03-06T03:10:25.692291Z/files/9778bb48-0f42-4dbe-99c3-fbbccc543beb.jpeg,Pneumonia
TRAIN,gs://p2slckaggle/P2 - Files/export_data-P2_SLC_Kaggle-2021-03-06T03:10:25.692291Z/files/6a1939cc-6ae3-41d3-9a0d-3bb3cf1a8d04.jpeg,Pneumonia
TRAIN,gs://p2slckaggle/P2 - Files/export_data-P2_SLC_Kaggle-2021-03-06T03:10:25.692291Z/files/5d970704-99c1-4d2f-af02-ee09adf29453.jpeg,Normal
TRAIN,gs://p2slckaggle/P2 - Files/export_data-P2_SLC_Kaggle-2021-03-06T03:10:25.692291Z/files/062c65dc-04ba-4ca8-9ddd-3dddd9969748.jpeg,Normal
TRAIN,gs://p2slckaggle/P2 - Files/export_data-P2_SLC_Kaggle-2021-03-06T03:10:25.692291Z/files/e13b072f-e9ad-47a3-8b05-07f8c7549c1e.jpeg,Pneumonia
TRAIN,gs://p2slckaggle/P2 - Files/export_data-P2_SLC_Kaggle-2021-03-06T03:10:25.692291Z/files/33baf237-1e5c-4fd6-8ec0-8ec6fd1782d2.jpeg,Pneumonia
TRAIN,gs://p2slckaggle/P2 - Files/export_data-P2_SLC_Kaggle-2021-03-06T03:10:25.692291Z/files/94b9af0b-a7fc-4ac7-beca-08073089ffb4.jpeg,Pneumonia
TRAIN,gs://p2slckaggle/P2 - Files/export_data-P2_SLC_Kaggle-2021-03-06T03:10:25.692291Z/files/f0e811dd-5927-4df5-83cd-c37a57e6ae13.jpeg,Normal
TRAIN,gs://p2slckaggle/P2 - Files/export_data-P2_SLC_Kaggle-2021-03-06T03:10:25.692291Z/files/407b5c90-ceaf-45d9-a306-885336c20565.jpeg,Normal
TRAIN,gs://p2slckaggle/P2 - Files/export_data-P2_SLC_Kaggle-2021-03-06T03:10:25.692291Z/files/08a63e2a-edd5-4f4a-8333-949a23fdd68e.jpeg,Pneumonia
TRAIN,gs://p2slckaggle/P2 - Files/export_data-P2_SLC_Kaggle-2021-03-06T03:10:25.692291Z/files/5a37dce7-359e-4199-afc0-bfa1120a98fe.jpeg,Normal
TRAIN,gs://p2slckaggle/P2 - Files/export_data-P2_SLC_Kaggle-2021-03-06T03:10:25.692291Z/files/1808eb8e-86fb-4bff-9d08-7616e5f264d8.jpeg,Normal
VALIDATION,gs://p2slckaggle/P2 - Files/export_data-P2_SLC_Kaggle-2021-03-06T03:10:25.692291Z/files/1f7f0aa9-954d-4bcf-922c-0aedd2794a25.jpeg,Normal
TRAIN,gs://p2slckaggle/P2 - Files/export_data-P2_SLC_Kaggle-2021-03-06T03:10:25.692291Z/files/9cb67f8b-0d88-4f21-8d98-269c6283f307.jpeg,Normal
TRAIN,gs://p2slckaggle/P2 - Files/export_data-P2_SLC_Kaggle-2021-03-06T03:10:25.692291Z/files/24caeb8b-068c-40b1-81a7-ce6b8ae5c847.jpeg,Pneumonia
VALIDATION,gs://p2slckaggle/P2 - Files/export_data-P2_SLC_Kaggle-2021-03-06T03:10:25.692291Z/files/6fe1f690-01d2-4f03-93fb-cb09a3329cef.jpeg,Pneumonia
TRAIN,gs://p2slckaggle/P2 - Files/export_data-P2_SLC_Kaggle-2021-03-06T03:10:25.692291Z/files/e3fdd070-bee8-4222-a008-43d1b67b3fe0.jpeg,Pneumonia
TRAIN,gs://p2slckaggle/P2 - Files/export_data-P2_SLC_Kaggle-2021-03-06T03:10:25.692291Z/files/998d53f4-5d11-4374-ae22-8dd08c576e5a.jpeg,Normal
TRAIN,gs://p2slckaggle/P2 - Files/export_data-P2_SLC_Kaggle-2021-03-06T03:10:25.692291Z/files/285c3c5c-ac3b-48f2-ac1f-27dfd4804280.jpeg,Pneumonia
TEST,gs://p2slckaggle/P2 - Files/export_data-P2_SLC_Kaggle-2021-03-06T03:10:25.692291Z/files/77d8c28a-896a-417e-aa25-f8e63826c854.jpeg,Normal
TEST,gs://p2slckaggle/P2 - Files/export_data-P2_SLC_Kaggle-2021-03-06T03:10:25.692291Z/files/469c4b91-88f1-4525-b1ee-00ea0dbf09e9.jpeg,Pneumonia
TRAIN,gs://p2slckaggle/P2 - Files/export_data-P2_SLC_Kaggle-2021-03-06T03:10:25.692291Z/files/6d9d82d6-261c-441d-a039-88cbde3f2961.jpeg,Pneumonia
TRAIN,gs://p2slckaggle/P2 - Files/export_data-P2_SLC_Kaggle-2021-03-06T03:10:25.692291Z/files/c357b3f1-e103-4236-bb54-f010df5e415b.jpeg,Pneumonia
TRAIN,gs://p2slckaggle/P2 - Files/export_data-P2_SLC_Kaggle-2021-03-06T03:10:25.692291Z/files/ba1a3012-7f93-4b98-9b3a-63310b6b034a.jpeg,Normal
TRAIN,gs://p2slckaggle/P2 - Files/export_data-P2_SLC_Kaggle-2021-03-06T03:10:25.692291Z/files/9e334dd6-9bc7-4201-8ae1-0d00b226cf0b.jpeg,Normal
TRAIN,gs://p2slckaggle/P2 - Files/export_data-P2_SLC_Kaggle-2021-03-06T03:10:25.692291Z/files/b27e7981-54f7-47fe-a1a4-17bdfc86aa5c.jpeg,Pneumonia
TRAIN,gs://p2slckaggle/P2 - Files/export_data-P2_SLC_Kaggle-2021-03-06T03:10:25.692291Z/files/1030c120-6c8e-4740-ad2b-39d6a5cdcb24.jpeg,Pneumonia
TRAIN,gs://p2slckaggle/P2 - Files/export_data-P2_SLC_Kaggle-2021-03-06T03:10:25.692291Z/files/54f54969-5622-4e91-8244-559135d307ef.jpeg,Pneumonia
TRAIN,gs://p2slckaggle/P2 - Files/export_data-P2_SLC_Kaggle-2021-03-06T03:10:25.692291Z/files/02c07154-146c-457b-b6ae-43521a26a0a3.jpeg,Pneumonia
TRAIN,gs://p2slckaggle/P2 - Files/export_data-P2_SLC_Kaggle-2021-03-06T03:10:25.692291Z/files/85e30cef-31df-41aa-935c-94548eb01900.jpeg,Normal
TRAIN,gs://p2slckaggle/P2 - Files/export_data-P2_SLC_Kaggle-2021-03-06T03:10:25.692291Z/files/b6a6938f-f979-480b-b29e-43569e4fc542.jpeg,Normal
TRAIN,gs://p2slckaggle/P2 - Files/export_data-P2_SLC_Kaggle-2021-03-06T03:10:25.692291Z/files/0585665e-c38b-4510-988d-c21e7f0a3646.jpeg,Normal
TRAIN,gs://p2slckaggle/P2 - Files/export_data-P2_SLC_Kaggle-2021-03-06T03:10:25.692291Z/files/71e821b0-7855-4109-899b-31b78c5b812b.jpeg,Normal
VALIDATION,gs://p2slckaggle/P2 - Files/export_data-P2_SLC_Kaggle-2021-03-06T03:10:25.692291Z/files/81d07371-af7c-46e6-9982-b474800fa535.jpeg,Pneumonia
TRAIN,gs://p2slckaggle/P2 - Files/export_data-P2_SLC_Kaggle-2021-03-06T03:10:25.692291Z/files/0ee8bf33-9bcc-4f4f-b4f2-98b1894b70cb.jpeg,Pneumonia
TRAIN,gs://p2slckaggle/P2 - Files/export_data-P2_SLC_Kaggle-2021-03-06T03:10:25.692291Z/files/7369f4b1-0e92-4372-950d-a9882b84d20f.jpeg,Pneumonia
VALIDATION,gs://p2slckaggle/P2 - Files/export_data-P2_SLC_Kaggle-2021-03-06T03:10:25.692291Z/files/ca8c23f0-0331-4845-8c71-12c5b238e521.jpeg,Normal
TRAIN,gs://p2slckaggle/P2 - Files/export_data-P2_SLC_Kaggle-2021-03-06T03:10:25.692291Z/files/63bb87c1-cf3a-4527-945c-8516dfa0e5cd.jpeg,Normal
TEST,gs://p2slckaggle/P2 - Files/export_data-P2_SLC_Kaggle-2021-03-06T03:10:25.692291Z/files/1e537088-3830-4d5b-8538-ecaebb55270c.jpeg,Pneumonia
TRAIN,gs://p2slckaggle/P2 - Files/export_data-P2_SLC_Kaggle-2021-03-06T03:10:25.692291Z/files/4f870c2c-de79-4355-ba80-b28a527ae321.jpeg,Pneumonia
TRAIN,gs://p2slckaggle/P2 - Files/export_data-P2_SLC_Kaggle-2021-03-06T03:10:25.692291Z/files/e7d4c33b-7758-4a56-906a-5eaa60892920.jpeg,Normal
TEST,gs://p2slckaggle/P2 - Files/export_data-P2_SLC_Kaggle-2021-03-06T03:10:25.692291Z/files/40a86707-6e63-4812-b5fc-dae0c960845a.jpeg,Normal
TRAIN,gs://p2slckaggle/P2 - Files/export_data-P2_SLC_Kaggle-2021-03-06T03:10:25.692291Z/files/5bf0f3a9-827c-4ab3-9602-9e56cda3efd8.jpeg,Pneumonia
TRAIN,gs://p2slckaggle/P2 - Files/export_data-P2_SLC_Kaggle-2021-03-06T03:10:25.692291Z/files/d998f58d-7cad-4843-84a0-897285eacd09.jpeg,Normal
TRAIN,gs://p2slckaggle/P2 - Files/export_data-P2_SLC_Kaggle-2021-03-06T03:10:25.692291Z/files/486edb58-bc79-4ef4-8df1-4bd33fd54913.jpeg,Pneumonia
TRAIN,gs://p2slckaggle/P2 - Files/export_data-P2_SLC_Kaggle-2021-03-06T03:10:25.692291Z/files/a2229a99-1760-4707-a969-b4bb71751b1e.jpeg,Normal
TRAIN,gs://p2slckaggle/P2 - Files/export_data-P2_SLC_Kaggle-2021-03-06T03:10:25.692291Z/files/48ebfaa0-c9e1-4ddf-b25b-32a8d6b8a20c.jpeg,Pneumonia
TRAIN,gs://p2slckaggle/P2 - Files/export_data-P2_SLC_Kaggle-2021-03-06T03:10:25.692291Z/files/551aaef3-f369-42bd-ab48-e9cd26276abc.jpeg,Pneumonia
TRAIN,gs://p2slckaggle/P2 - Files/export_data-P2_SLC_Kaggle-2021-03-06T03:10:25.692291Z/files/ac8d631e-4621-477c-88e8-3fa369f4752b.jpeg,Normal
TRAIN,gs://p2slckaggle/P2 - Files/export_data-P2_SLC_Kaggle-2021-03-06T03:10:25.692291Z/files/18ad37de-ebcd-4dcf-9ccc-8de88f4ead7e.jpeg,Normal
TRAIN,gs://p2slckaggle/P2 - Files/export_data-P2_SLC_Kaggle-2021-03-06T03:10:25.692291Z/files/d6ad1ac7-2847-42f5-a7c5-6f937841a58a.jpeg,Normal
TRAIN,gs://p2slckaggle/P2 - Files/export_data-P2_SLC_Kaggle-2021-03-06T03:10:25.692291Z/files/31e1369a-9e96-4659-9167-1c6fddad02df.jpeg,Normal
VALIDATION,gs://p2slckaggle/P2 - Files/export_data-P2_SLC_Kaggle-2021-03-06T03:10:25.692291Z/files/31e2cebd-7e94-4ade-a98d-add2b2a82876.jpeg,Normal
TRAIN,gs://p2slckaggle/P2 - Files/export_data-P2_SLC_Kaggle-2021-03-06T03:10:25.692291Z/files/896e8d24-818f-4165-a408-4e449b932288.jpeg,Normal
TRAIN,gs://p2slckaggle/P2 - Files/export_data-P2_SLC_Kaggle-2021-03-06T03:10:25.692291Z/files/d4d349e5-6322-4926-90df-091c6a127917.jpeg,Normal
TEST,gs://p2slckaggle/P2 - Files/export_data-P2_SLC_Kaggle-2021-03-06T03:10:25.692291Z/files/6ac4f131-fbd2-4c5a-afdb-c0a5d65c73f4.jpeg,Normal
TRAIN,gs://p2slckaggle/P2 - Files/export_data-P2_SLC_Kaggle-2021-03-06T03:10:25.692291Z/files/af8fecf5-05a2-4281-b7b3-c0b9829161aa.jpeg,Pneumonia
VALIDATION,gs://p2slckaggle/P2 - Files/export_data-P2_SLC_Kaggle-2021-03-06T03:10:25.692291Z/files/17715c0a-e853-4a80-aefb-a3f059a9e46d.jpeg,Pneumonia
TRAIN,gs://p2slckaggle/P2 - Files/export_data-P2_SLC_Kaggle-2021-03-06T03:10:25.692291Z/files/aacec075-cede-4fb0-ae9a-ad6736856539.jpeg,Pneumonia
TRAIN,gs://p2slckaggle/P2 - Files/export_data-P2_SLC_Kaggle-2021-03-06T03:10:25.692291Z/files/07b10883-89ee-40fb-877c-33e2ade89d0d.jpeg,Normal
TRAIN,gs://p2slckaggle/P2 - Files/export_data-P2_SLC_Kaggle-2021-03-06T03:10:25.692291Z/files/7fc50f1c-9554-4396-9c6e-add6879f5f36.jpeg,Normal
TRAIN,gs://p2slckaggle/P2 - Files/export_data-P2_SLC_Kaggle-2021-03-06T03:10:25.692291Z/files/6064d465-cb3b-4d52-96ab-cc18feaac3e7.jpeg,Normal
TRAIN,gs://p2slckaggle/P2 - Files/export_data-P2_SLC_Kaggle-2021-03-06T03:10:25.692291Z/files/41750969-fe2d-4f62-9beb-4d3be3bbef2b.jpeg,Normal
TRAIN,gs://p2slckaggle/P2 - Files/export_data-P2_SLC_Kaggle-2021-03-06T03:10:25.692291Z/files/baacaae6-982d-4c4b-90d5-32715ca2967c.jpeg,Pneumonia
TEST,gs://p2slckaggle/P2 - Files/export_data-P2_SLC_Kaggle-2021-03-06T03:10:25.692291Z/files/b505ac5c-26d6-488e-b0e4-ef81d4f9bee2.jpeg,Pneumonia
TRAIN,gs://p2slckaggle/P2 - Files/export_data-P2_SLC_Kaggle-2021-03-06T03:10:25.692291Z/files/b27a8855-a2ff-48c9-9512-0c01969f01d6.jpeg,Normal
TRAIN,gs://p2slckaggle/P2 - Files/export_data-P2_SLC_Kaggle-2021-03-06T03:10:25.692291Z/files/6ffbb30b-4fc6-4085-b553-74f7ec3bf5bb.jpeg,Pneumonia
TRAIN,gs://p2slckaggle/P2 - Files/export_data-P2_SLC_Kaggle-2021-03-06T03:10:25.692291Z/files/ceaaa06e-2e56-4537-807e-22fb85f03b03.jpeg,Pneumonia
TRAIN,gs://p2slckaggle/P2 - Files/export_data-P2_SLC_Kaggle-2021-03-06T03:10:25.692291Z/files/2d108a43-407b-4a94-8170-8e54f4d70ad6.jpeg,Normal
TRAIN,gs://p2slckaggle/P2 - Files/export_data-P2_SLC_Kaggle-2021-03-06T03:10:25.692291Z/files/0ce6fdaf-6c6d-42b7-808c-f251adbc8d42.jpeg,Pneumonia
TRAIN,gs://p2slckaggle/P2 - Files/export_data-P2_SLC_Kaggle-2021-03-06T03:10:25.692291Z/files/8e936910-ae06-4533-99e7-151798a92d52.jpeg,Pneumonia
TRAIN,gs://p2slckaggle/P2 - Files/export_data-P2_SLC_Kaggle-2021-03-06T03:10:25.692291Z/files/e1b19913-7e84-43ef-8072-05af6c516d9d.jpeg,Pneumonia
VALIDATION,gs://p2slckaggle/P2 - Files/export_data-P2_SLC_Kaggle-2021-03-06T03:10:25.692291Z/files/501558fe-e0a0-4184-829c-cd9f0a8a5b9d.jpeg,Normal
TRAIN,gs://p2slckaggle/P2 - Files/export_data-P2_SLC_Kaggle-2021-03-06T03:10:25.692291Z/files/d6aae2f3-6b7f-4f48-b631-0588adc8cd87.jpeg,Pneumonia
VALIDATION,gs://p2slckaggle/P2 - Files/export_data-P2_SLC_Kaggle-2021-03-06T03:10:25.692291Z/files/7ecc42fa-d38f-4329-9539-7b43122cc806.jpeg,Pneumonia
TRAIN,gs://p2slckaggle/P2 - Files/export_data-P2_SLC_Kaggle-2021-03-06T03:10:25.692291Z/files/41fa1d56-3cd8-402a-a13a-f723a72d52b8.jpeg,Normal
TRAIN,gs://p2slckaggle/P2 - Files/export_data-P2_SLC_Kaggle-2021-03-06T03:10:25.692291Z/files/2f8c4b18-dfa7-42ea-8b70-0e29963fb373.jpeg,Normal
TEST,gs://p2slckaggle/P2 - Files/export_data-P2_SLC_Kaggle-2021-03-06T03:10:25.692291Z/files/b071ab5e-98d0-46f0-aae2-02e137a43d87.jpeg,Normal
TRAIN,gs://p2slckaggle/P2 - Files/export_data-P2_SLC_Kaggle-2021-03-06T03:10:25.692291Z/files/007078d9-669e-4d32-b8b6-0cefd185be92.jpeg,Normal
TRAIN,gs://p2slckaggle/P2 - Files/export_data-P2_SLC_Kaggle-2021-03-06T03:10:25.692291Z/files/aacbfe34-9432-495e-bdd0-e7facf2a56df.jpeg,Pneumonia
TRAIN,gs://p2slckaggle/P2 - Files/export_data-P2_SLC_Kaggle-2021-03-06T03:10:25.692291Z/files/338d12b0-1e83-40cf-8160-255b7c338c0b.jpeg,Pneumonia
TEST,gs://p2slckaggle/P2 - Files/export_data-P2_SLC_Kaggle-2021-03-06T03:10:25.692291Z/files/c18d7e68-f67f-4ee2-b0e0-1713f3fd1435.jpeg,Pneumonia
TRAIN,gs://p2slckaggle/P2 - Files/export_data-P2_SLC_Kaggle-2021-03-06T03:10:25.692291Z/files/c4848fc4-53aa-4082-bb53-a5b6204e3478.jpeg,Normal
TRAIN,gs://p2slckaggle/P2 - Files/export_data-P2_SLC_Kaggle-2021-03-06T03:10:25.692291Z/files/a69c0f86-b476-41cd-ab0b-dcc7ba1549b9.jpeg,Pneumonia
