TRAIN,gs://p2slckaggle/P2 - Files/export_data-dirty_balanced_p2slckaggle-2021-03-06T03:12:07.508259Z/files/3509330e-a0e9-4842-8242-8013fe2dae45.jpeg,Pneumonia - 100 mix
TRAIN,gs://p2slckaggle/P2 - Files/export_data-dirty_balanced_p2slckaggle-2021-03-06T03:12:07.508259Z/files/be2c163d-008f-41c8-8a17-9a084ac0c972.jpeg,Normal - 100 mix
TRAIN,gs://p2slckaggle/P2 - Files/export_data-dirty_balanced_p2slckaggle-2021-03-06T03:12:07.508259Z/files/df28ea1b-36e0-4933-bc6f-66fd9732ad73.jpeg,Normal - 100 mix
TRAIN,gs://p2slckaggle/P2 - Files/export_data-dirty_balanced_p2slckaggle-2021-03-06T03:12:07.508259Z/files/4c76aa9e-1dac-41bd-86d0-1ac866288d46.jpeg,Normal - 100 mix
TRAIN,gs://p2slckaggle/P2 - Files/export_data-dirty_balanced_p2slckaggle-2021-03-06T03:12:07.508259Z/files/6834a7b6-ace8-48ea-9870-3465d9617692.jpeg,Normal - 100 mix
TRAIN,gs://p2slckaggle/P2 - Files/export_data-dirty_balanced_p2slckaggle-2021-03-06T03:12:07.508259Z/files/d946fe2f-4d0b-4d00-91d0-4dbded2bebb5.jpeg,Normal - 100 mix
TRAIN,gs://p2slckaggle/P2 - Files/export_data-dirty_balanced_p2slckaggle-2021-03-06T03:12:07.508259Z/files/3cdd6b4a-5c56-4518-9dfe-4469dba04d73.jpeg,Pneumonia - 100 mix
TRAIN,gs://p2slckaggle/P2 - Files/export_data-dirty_balanced_p2slckaggle-2021-03-06T03:12:07.508259Z/files/e7ced930-45cf-4bf1-b76f-011465b6a4cf.jpeg,Pneumonia - 100 mix
TRAIN,gs://p2slckaggle/P2 - Files/export_data-dirty_balanced_p2slckaggle-2021-03-06T03:12:07.508259Z/files/9b1bc5cc-d48f-4408-a4a1-8de451d9a7f4.jpeg,Pneumonia - 100 mix
TRAIN,gs://p2slckaggle/P2 - Files/export_data-dirty_balanced_p2slckaggle-2021-03-06T03:12:07.508259Z/files/a5104331-3ff0-4a11-bb2c-569921aa34a2.jpeg,Normal - 100 mix
TRAIN,gs://p2slckaggle/P2 - Files/export_data-dirty_balanced_p2slckaggle-2021-03-06T03:12:07.508259Z/files/efbc7b08-a4d5-42ff-8793-cef3b10acd54.jpeg,Normal - 100 mix
VALIDATION,gs://p2slckaggle/P2 - Files/export_data-dirty_balanced_p2slckaggle-2021-03-06T03:12:07.508259Z/files/f6da5ad7-6ac9-4374-a58a-6e426ad04151.jpeg,Normal - 100 mix
TRAIN,gs://p2slckaggle/P2 - Files/export_data-dirty_balanced_p2slckaggle-2021-03-06T03:12:07.508259Z/files/5399aedc-0a5d-4fb9-8e07-f11456f5b6b6.jpeg,Pneumonia - 100 mix
TRAIN,gs://p2slckaggle/P2 - Files/export_data-dirty_balanced_p2slckaggle-2021-03-06T03:12:07.508259Z/files/8b19d647-6677-4ec3-8bb8-14b436285ebc.jpeg,Pneumonia - 100 mix
TEST,gs://p2slckaggle/P2 - Files/export_data-dirty_balanced_p2slckaggle-2021-03-06T03:12:07.508259Z/files/9fd9ea47-8644-4539-af39-04d0547dde19.jpeg,Normal - 100 mix
VALIDATION,gs://p2slckaggle/P2 - Files/export_data-dirty_balanced_p2slckaggle-2021-03-06T03:12:07.508259Z/files/362d4151-5917-464f-b7ca-a908c1a96a8a.jpeg,Pneumonia - 100 mix
TEST,gs://p2slckaggle/P2 - Files/export_data-dirty_balanced_p2slckaggle-2021-03-06T03:12:07.508259Z/files/862ea6bc-fae5-48ac-a30e-4d6f5277ee11.jpeg,Pneumonia - 100 mix
TRAIN,gs://p2slckaggle/P2 - Files/export_data-dirty_balanced_p2slckaggle-2021-03-06T03:12:07.508259Z/files/b52b082b-d623-4b8a-9f24-4b6702a46743.jpeg,Pneumonia - 100 mix
TRAIN,gs://p2slckaggle/P2 - Files/export_data-dirty_balanced_p2slckaggle-2021-03-06T03:12:07.508259Z/files/6c0c4053-88db-4fe6-84ef-d1c98d249a39.jpeg,Normal - 100 mix
TRAIN,gs://p2slckaggle/P2 - Files/export_data-dirty_balanced_p2slckaggle-2021-03-06T03:12:07.508259Z/files/7c9cc872-9263-4d41-8ece-951d60524d59.jpeg,Normal - 100 mix
TRAIN,gs://p2slckaggle/P2 - Files/export_data-dirty_balanced_p2slckaggle-2021-03-06T03:12:07.508259Z/files/2d0cf50b-f26c-4703-9dfb-fe01cbf46429.jpeg,Normal - 100 mix
TRAIN,gs://p2slckaggle/P2 - Files/export_data-dirty_balanced_p2slckaggle-2021-03-06T03:12:07.508259Z/files/2f557e27-74aa-441c-8b26-c74ad462aa54.jpeg,Pneumonia - 100 mix
VALIDATION,gs://p2slckaggle/P2 - Files/export_data-dirty_balanced_p2slckaggle-2021-03-06T03:12:07.508259Z/files/e7ec8d50-c2ca-4ce0-a803-90fcfc5f6b83.jpeg,Normal - 100 mix
TRAIN,gs://p2slckaggle/P2 - Files/export_data-dirty_balanced_p2slckaggle-2021-03-06T03:12:07.508259Z/files/41399597-4f07-4676-92bb-f7dfb6560fe1.jpeg,Pneumonia - 100 mix
VALIDATION,gs://p2slckaggle/P2 - Files/export_data-dirty_balanced_p2slckaggle-2021-03-06T03:12:07.508259Z/files/4e8a29dc-a459-4470-bfab-7a05b2ab46ce.jpeg,Pneumonia - 100 mix
TRAIN,gs://p2slckaggle/P2 - Files/export_data-dirty_balanced_p2slckaggle-2021-03-06T03:12:07.508259Z/files/457a1ade-96df-43bb-a3de-f518f08433e3.jpeg,Normal - 100 mix
TRAIN,gs://p2slckaggle/P2 - Files/export_data-dirty_balanced_p2slckaggle-2021-03-06T03:12:07.508259Z/files/633e0dad-e2a1-40b0-9a81-fb5e83987546.jpeg,Normal - 100 mix
TEST,gs://p2slckaggle/P2 - Files/export_data-dirty_balanced_p2slckaggle-2021-03-06T03:12:07.508259Z/files/ff8fa4b1-a825-49ef-a8b5-f281317205ea.jpeg,Normal - 100 mix
TRAIN,gs://p2slckaggle/P2 - Files/export_data-dirty_balanced_p2slckaggle-2021-03-06T03:12:07.508259Z/files/20fa2c31-967d-49d4-b793-c5af28d3503a.jpeg,Normal - 100 mix
TRAIN,gs://p2slckaggle/P2 - Files/export_data-dirty_balanced_p2slckaggle-2021-03-06T03:12:07.508259Z/files/3c28349a-c63d-4934-ad0f-8a2de9232ec3.jpeg,Pneumonia - 100 mix
TRAIN,gs://p2slckaggle/P2 - Files/export_data-dirty_balanced_p2slckaggle-2021-03-06T03:12:07.508259Z/files/f8a22673-c4fc-428f-9090-2cf87cf6b20e.jpeg,Pneumonia - 100 mix
TRAIN,gs://p2slckaggle/P2 - Files/export_data-dirty_balanced_p2slckaggle-2021-03-06T03:12:07.508259Z/files/22e8fcf1-7e41-4887-9ed0-a1ce26a16dd0.jpeg,Normal - 100 mix
TRAIN,gs://p2slckaggle/P2 - Files/export_data-dirty_balanced_p2slckaggle-2021-03-06T03:12:07.508259Z/files/6a234b0c-60ac-48cd-bc23-2b77fa40cc02.jpeg,Normal - 100 mix
TRAIN,gs://p2slckaggle/P2 - Files/export_data-dirty_balanced_p2slckaggle-2021-03-06T03:12:07.508259Z/files/db7e80c7-9e94-4d9b-8a02-994663f86547.jpeg,Normal - 100 mix
TEST,gs://p2slckaggle/P2 - Files/export_data-dirty_balanced_p2slckaggle-2021-03-06T03:12:07.508259Z/files/c405e8b7-db01-4be2-acd5-6691230d78d6.jpeg,Pneumonia - 100 mix
TRAIN,gs://p2slckaggle/P2 - Files/export_data-dirty_balanced_p2slckaggle-2021-03-06T03:12:07.508259Z/files/85eb15f2-3677-4390-91e5-eda77cf01b25.jpeg,Normal - 100 mix
TRAIN,gs://p2slckaggle/P2 - Files/export_data-dirty_balanced_p2slckaggle-2021-03-06T03:12:07.508259Z/files/998287d7-465c-4249-9b57-3d9673bb3f85.jpeg,Normal - 100 mix
TRAIN,gs://p2slckaggle/P2 - Files/export_data-dirty_balanced_p2slckaggle-2021-03-06T03:12:07.508259Z/files/ea08cafd-7c91-4929-ad7c-c6b72457bb49.jpeg,Pneumonia - 100 mix
VALIDATION,gs://p2slckaggle/P2 - Files/export_data-dirty_balanced_p2slckaggle-2021-03-06T03:12:07.508259Z/files/89095530-7c25-4369-b008-7877503c057c.jpeg,Normal - 100 mix
TRAIN,gs://p2slckaggle/P2 - Files/export_data-dirty_balanced_p2slckaggle-2021-03-06T03:12:07.508259Z/files/9de0fc54-f9d9-4bf5-9bfa-df6c2c43fc68.jpeg,Pneumonia - 100 mix
TRAIN,gs://p2slckaggle/P2 - Files/export_data-dirty_balanced_p2slckaggle-2021-03-06T03:12:07.508259Z/files/75bdf9d3-d3ec-4157-b93c-ed6d000c713a.jpeg,Pneumonia - 100 mix
TRAIN,gs://p2slckaggle/P2 - Files/export_data-dirty_balanced_p2slckaggle-2021-03-06T03:12:07.508259Z/files/eb150725-e0cc-49df-87f4-d53a4ce7adf9.jpeg,Pneumonia - 100 mix
TRAIN,gs://p2slckaggle/P2 - Files/export_data-dirty_balanced_p2slckaggle-2021-03-06T03:12:07.508259Z/files/5cf0420f-ae13-4548-9863-74ec21c0625d.jpeg,Pneumonia - 100 mix
TRAIN,gs://p2slckaggle/P2 - Files/export_data-dirty_balanced_p2slckaggle-2021-03-06T03:12:07.508259Z/files/fbd4284f-f5b1-4abf-be01-3f419194407f.jpeg,Normal - 100 mix
TRAIN,gs://p2slckaggle/P2 - Files/export_data-dirty_balanced_p2slckaggle-2021-03-06T03:12:07.508259Z/files/05c9fd4b-f0cb-4c59-af5c-64d77493eaff.jpeg,Normal - 100 mix
TEST,gs://p2slckaggle/P2 - Files/export_data-dirty_balanced_p2slckaggle-2021-03-06T03:12:07.508259Z/files/872731c2-740d-4b96-86ca-a90d5525cdc1.jpeg,Normal - 100 mix
TRAIN,gs://p2slckaggle/P2 - Files/export_data-dirty_balanced_p2slckaggle-2021-03-06T03:12:07.508259Z/files/96d2bae2-b5d3-4c3e-a571-85bfcc83a964.jpeg,Pneumonia - 100 mix
TRAIN,gs://p2slckaggle/P2 - Files/export_data-dirty_balanced_p2slckaggle-2021-03-06T03:12:07.508259Z/files/eba8ad6f-31c4-4c89-a0de-5aa7eb58a004.jpeg,Normal - 100 mix
VALIDATION,gs://p2slckaggle/P2 - Files/export_data-dirty_balanced_p2slckaggle-2021-03-06T03:12:07.508259Z/files/32462570-8ab4-4750-9b3a-a73ac0a84f5e.jpeg,Pneumonia - 100 mix
TRAIN,gs://p2slckaggle/P2 - Files/export_data-dirty_balanced_p2slckaggle-2021-03-06T03:12:07.508259Z/files/6c00317f-c14f-4e1e-9aba-967a92a76fea.jpeg,Normal - 100 mix
TRAIN,gs://p2slckaggle/P2 - Files/export_data-dirty_balanced_p2slckaggle-2021-03-06T03:12:07.508259Z/files/6e31cb68-95ba-45ce-b229-31199b638f38.jpeg,Normal - 100 mix
TRAIN,gs://p2slckaggle/P2 - Files/export_data-dirty_balanced_p2slckaggle-2021-03-06T03:12:07.508259Z/files/c81fc286-93ca-4044-b3e0-36b33dca77dd.jpeg,Pneumonia - 100 mix
TRAIN,gs://p2slckaggle/P2 - Files/export_data-dirty_balanced_p2slckaggle-2021-03-06T03:12:07.508259Z/files/bf1c95f3-c9b4-451e-bdf4-37f734a63701.jpeg,Pneumonia - 100 mix
TRAIN,gs://p2slckaggle/P2 - Files/export_data-dirty_balanced_p2slckaggle-2021-03-06T03:12:07.508259Z/files/378452e7-c54d-4f8d-abfe-5d6d091335fa.jpeg,Normal - 100 mix
TEST,gs://p2slckaggle/P2 - Files/export_data-dirty_balanced_p2slckaggle-2021-03-06T03:12:07.508259Z/files/3a5339f4-6ce8-4cfe-ab6f-b8cea4525684.jpeg,Pneumonia - 100 mix
TRAIN,gs://p2slckaggle/P2 - Files/export_data-dirty_balanced_p2slckaggle-2021-03-06T03:12:07.508259Z/files/4c9a425d-cdee-4cc6-8712-35ceb66ab7ca.jpeg,Normal - 100 mix
TRAIN,gs://p2slckaggle/P2 - Files/export_data-dirty_balanced_p2slckaggle-2021-03-06T03:12:07.508259Z/files/228cb79f-cda2-4006-a034-5ce399d8aceb.jpeg,Pneumonia - 100 mix
TRAIN,gs://p2slckaggle/P2 - Files/export_data-dirty_balanced_p2slckaggle-2021-03-06T03:12:07.508259Z/files/5c84a5c3-1b4c-4362-853b-19fde5a5b224.jpeg,Pneumonia - 100 mix
TRAIN,gs://p2slckaggle/P2 - Files/export_data-dirty_balanced_p2slckaggle-2021-03-06T03:12:07.508259Z/files/1320fb15-03ce-4c94-87a8-e0ead6d3ed98.jpeg,Normal - 100 mix
VALIDATION,gs://p2slckaggle/P2 - Files/export_data-dirty_balanced_p2slckaggle-2021-03-06T03:12:07.508259Z/files/c0450109-38a4-45f5-99b1-730687216b0c.jpeg,Normal - 100 mix
TRAIN,gs://p2slckaggle/P2 - Files/export_data-dirty_balanced_p2slckaggle-2021-03-06T03:12:07.508259Z/files/bd2ae7af-6457-46cf-8189-afc9ed34684e.jpeg,Normal - 100 mix
TRAIN,gs://p2slckaggle/P2 - Files/export_data-dirty_balanced_p2slckaggle-2021-03-06T03:12:07.508259Z/files/8fc9c418-fc3c-45ff-b384-79400a026bbe.jpeg,Pneumonia - 100 mix
TRAIN,gs://p2slckaggle/P2 - Files/export_data-dirty_balanced_p2slckaggle-2021-03-06T03:12:07.508259Z/files/7e692d74-4fcd-43d4-be9d-e6e2da66523e.jpeg,Pneumonia - 100 mix
TRAIN,gs://p2slckaggle/P2 - Files/export_data-dirty_balanced_p2slckaggle-2021-03-06T03:12:07.508259Z/files/3f6807cf-e4da-4844-9724-a5a3fd0eee9c.jpeg,Pneumonia - 100 mix
TRAIN,gs://p2slckaggle/P2 - Files/export_data-dirty_balanced_p2slckaggle-2021-03-06T03:12:07.508259Z/files/a95f6c0b-fae0-4dbb-b168-d58cce38fada.jpeg,Pneumonia - 100 mix
TRAIN,gs://p2slckaggle/P2 - Files/export_data-dirty_balanced_p2slckaggle-2021-03-06T03:12:07.508259Z/files/8f23452d-d39f-4c2a-b6ac-7cac15626389.jpeg,Normal - 100 mix
TEST,gs://p2slckaggle/P2 - Files/export_data-dirty_balanced_p2slckaggle-2021-03-06T03:12:07.508259Z/files/fdb9df25-6879-49c6-b4b0-0b3e824256cb.jpeg,Normal - 100 mix
TRAIN,gs://p2slckaggle/P2 - Files/export_data-dirty_balanced_p2slckaggle-2021-03-06T03:12:07.508259Z/files/b53a01c5-b8d4-42c1-9e06-013fcbc7b2f1.jpeg,Normal - 100 mix
TRAIN,gs://p2slckaggle/P2 - Files/export_data-dirty_balanced_p2slckaggle-2021-03-06T03:12:07.508259Z/files/2611faad-c8ea-47dc-b50f-8c9a3b67126e.jpeg,Normal - 100 mix
VALIDATION,gs://p2slckaggle/P2 - Files/export_data-dirty_balanced_p2slckaggle-2021-03-06T03:12:07.508259Z/files/eed1bab5-84c7-4885-9d46-f9113c68458d.jpeg,Pneumonia - 100 mix
TRAIN,gs://p2slckaggle/P2 - Files/export_data-dirty_balanced_p2slckaggle-2021-03-06T03:12:07.508259Z/files/691e88a3-8eeb-4fc3-b32e-102e79c06cfb.jpeg,Normal - 100 mix
TRAIN,gs://p2slckaggle/P2 - Files/export_data-dirty_balanced_p2slckaggle-2021-03-06T03:12:07.508259Z/files/1775464f-0d65-4a06-ab19-3ec8f05ffb96.jpeg,Normal - 100 mix
TRAIN,gs://p2slckaggle/P2 - Files/export_data-dirty_balanced_p2slckaggle-2021-03-06T03:12:07.508259Z/files/1dcab4c9-e5f4-4d80-a6ee-d783ac735708.jpeg,Normal - 100 mix
TRAIN,gs://p2slckaggle/P2 - Files/export_data-dirty_balanced_p2slckaggle-2021-03-06T03:12:07.508259Z/files/91253876-3626-494e-ab72-90dfcf94150d.jpeg,Normal - 100 mix
VALIDATION,gs://p2slckaggle/P2 - Files/export_data-dirty_balanced_p2slckaggle-2021-03-06T03:12:07.508259Z/files/90f16760-4d98-4a6f-bfef-6ef5e07a837a.jpeg,Normal - 100 mix
TRAIN,gs://p2slckaggle/P2 - Files/export_data-dirty_balanced_p2slckaggle-2021-03-06T03:12:07.508259Z/files/07ce95bf-5fa1-4fd9-87e3-bf7a0e53f4f2.jpeg,Pneumonia - 100 mix
TRAIN,gs://p2slckaggle/P2 - Files/export_data-dirty_balanced_p2slckaggle-2021-03-06T03:12:07.508259Z/files/c34fac57-5bd7-4720-9cc2-2dd229c7d682.jpeg,Pneumonia - 100 mix
TRAIN,gs://p2slckaggle/P2 - Files/export_data-dirty_balanced_p2slckaggle-2021-03-06T03:12:07.508259Z/files/76b31650-bb52-4a29-bb33-58967e691688.jpeg,Normal - 100 mix
TEST,gs://p2slckaggle/P2 - Files/export_data-dirty_balanced_p2slckaggle-2021-03-06T03:12:07.508259Z/files/08ce055c-33f1-4fd8-bf34-92ece31292ca.jpeg,Pneumonia - 100 mix
TRAIN,gs://p2slckaggle/P2 - Files/export_data-dirty_balanced_p2slckaggle-2021-03-06T03:12:07.508259Z/files/d1512ce2-f351-4035-83f8-915eff46357f.jpeg,Normal - 100 mix
TRAIN,gs://p2slckaggle/P2 - Files/export_data-dirty_balanced_p2slckaggle-2021-03-06T03:12:07.508259Z/files/380ff2e4-dbd3-4ac8-831b-a5c602a6677a.jpeg,Pneumonia - 100 mix
TEST,gs://p2slckaggle/P2 - Files/export_data-dirty_balanced_p2slckaggle-2021-03-06T03:12:07.508259Z/files/b66328c1-9b7a-4282-8be9-7c3c07df219e.jpeg,Normal - 100 mix
TRAIN,gs://p2slckaggle/P2 - Files/export_data-dirty_balanced_p2slckaggle-2021-03-06T03:12:07.508259Z/files/1b6988f6-d265-4e74-9b22-191f855e0856.jpeg,Normal - 100 mix
TRAIN,gs://p2slckaggle/P2 - Files/export_data-dirty_balanced_p2slckaggle-2021-03-06T03:12:07.508259Z/files/81c06d3b-dd3f-4a0e-98e0-8bc5d59cab3b.jpeg,Pneumonia - 100 mix
TRAIN,gs://p2slckaggle/P2 - Files/export_data-dirty_balanced_p2slckaggle-2021-03-06T03:12:07.508259Z/files/32db01e2-3ae2-46eb-9963-d8e42d79d611.jpeg,Pneumonia - 100 mix
TRAIN,gs://p2slckaggle/P2 - Files/export_data-dirty_balanced_p2slckaggle-2021-03-06T03:12:07.508259Z/files/60c8b332-3d17-4e4b-9c80-3746ee13bdca.jpeg,Normal - 100 mix
TRAIN,gs://p2slckaggle/P2 - Files/export_data-dirty_balanced_p2slckaggle-2021-03-06T03:12:07.508259Z/files/21429725-e181-4aa4-a523-eb1eceac4abf.jpeg,Normal - 100 mix
TRAIN,gs://p2slckaggle/P2 - Files/export_data-dirty_balanced_p2slckaggle-2021-03-06T03:12:07.508259Z/files/e133a9aa-6a78-4b14-ae4e-99421478da13.jpeg,Normal - 100 mix
TRAIN,gs://p2slckaggle/P2 - Files/export_data-dirty_balanced_p2slckaggle-2021-03-06T03:12:07.508259Z/files/d9881d7b-3881-4da3-8471-25cf48115440.jpeg,Pneumonia - 100 mix
TRAIN,gs://p2slckaggle/P2 - Files/export_data-dirty_balanced_p2slckaggle-2021-03-06T03:12:07.508259Z/files/602006fa-5f27-4e05-ad82-aeaabf88bb8a.jpeg,Pneumonia - 100 mix
TRAIN,gs://p2slckaggle/P2 - Files/export_data-dirty_balanced_p2slckaggle-2021-03-06T03:12:07.508259Z/files/3a823930-f281-4616-97fb-f92ecbdc54a5.jpeg,Pneumonia - 100 mix
VALIDATION,gs://p2slckaggle/P2 - Files/export_data-dirty_balanced_p2slckaggle-2021-03-06T03:12:07.508259Z/files/effde0a0-54dc-4d4c-bb1d-cd265f84ab3b.jpeg,Pneumonia - 100 mix
TRAIN,gs://p2slckaggle/P2 - Files/export_data-dirty_balanced_p2slckaggle-2021-03-06T03:12:07.508259Z/files/fefddbf6-f8c0-49ec-8f94-eebdf30adf1b.jpeg,Normal - 100 mix
TRAIN,gs://p2slckaggle/P2 - Files/export_data-dirty_balanced_p2slckaggle-2021-03-06T03:12:07.508259Z/files/b3b5db71-23dd-4ced-836e-d23c9609792c.jpeg,Pneumonia - 100 mix
TRAIN,gs://p2slckaggle/P2 - Files/export_data-dirty_balanced_p2slckaggle-2021-03-06T03:12:07.508259Z/files/0a99abed-1367-487e-9660-14bb9d4bf482.jpeg,Normal - 100 mix
VALIDATION,gs://p2slckaggle/P2 - Files/export_data-dirty_balanced_p2slckaggle-2021-03-06T03:12:07.508259Z/files/16aecc88-6edc-4aac-a0ab-2d5e337ff83f.jpeg,Normal - 100 mix
TRAIN,gs://p2slckaggle/P2 - Files/export_data-dirty_balanced_p2slckaggle-2021-03-06T03:12:07.508259Z/files/f13303f1-6a21-4a0c-9aa5-32cae428801b.jpeg,Normal - 100 mix
TRAIN,gs://p2slckaggle/P2 - Files/export_data-dirty_balanced_p2slckaggle-2021-03-06T03:12:07.508259Z/files/014a8c12-c032-4293-9766-1db5bd18d1b3.jpeg,Pneumonia - 100 mix
TEST,gs://p2slckaggle/P2 - Files/export_data-dirty_balanced_p2slckaggle-2021-03-06T03:12:07.508259Z/files/f39ff396-6fe0-442c-81c0-355b205c43a0.jpeg,Pneumonia - 100 mix
TRAIN,gs://p2slckaggle/P2 - Files/export_data-dirty_balanced_p2slckaggle-2021-03-06T03:12:07.508259Z/files/061fc8e9-10d8-4264-89b7-6fa0fb2d023f.jpeg,Pneumonia - 100 mix
TRAIN,gs://p2slckaggle/P2 - Files/export_data-dirty_balanced_p2slckaggle-2021-03-06T03:12:07.508259Z/files/e4a61687-243b-428a-a84e-6dd2349caf1b.jpeg,Pneumonia - 100 mix
TRAIN,gs://p2slckaggle/P2 - Files/export_data-dirty_balanced_p2slckaggle-2021-03-06T03:12:07.508259Z/files/fbcb578f-2f5f-42a5-82ca-35dfc75b5fc0.jpeg,Pneumonia - 100 mix
TRAIN,gs://p2slckaggle/P2 - Files/export_data-dirty_balanced_p2slckaggle-2021-03-06T03:12:07.508259Z/files/e1b3a76b-692a-41c5-8103-3308c4cb2c2d.jpeg,Pneumonia - 100 mix
TRAIN,gs://p2slckaggle/P2 - Files/export_data-dirty_balanced_p2slckaggle-2021-03-06T03:12:07.508259Z/files/bd6f1793-54a4-4705-b989-c5eeb7299263.jpeg,Pneumonia - 100 mix
TRAIN,gs://p2slckaggle/P2 - Files/export_data-dirty_balanced_p2slckaggle-2021-03-06T03:12:07.508259Z/files/843e16f3-c1b0-4aba-bfdc-ae8e334f374a.jpeg,Pneumonia - 100 mix
TRAIN,gs://p2slckaggle/P2 - Files/export_data-dirty_balanced_p2slckaggle-2021-03-06T03:12:07.508259Z/files/c7c9e2eb-7ac6-4b2c-b7c6-fe77ff86b5f6.jpeg,Normal - 100 mix
VALIDATION,gs://p2slckaggle/P2 - Files/export_data-dirty_balanced_p2slckaggle-2021-03-06T03:12:07.508259Z/files/419dfdb7-bd17-4e5a-b201-7042ccfff7d1.jpeg,Pneumonia - 100 mix
TEST,gs://p2slckaggle/P2 - Files/export_data-dirty_balanced_p2slckaggle-2021-03-06T03:12:07.508259Z/files/eb83d9d7-8efb-4963-aed0-89521233aad0.jpeg,Normal - 100 mix
TRAIN,gs://p2slckaggle/P2 - Files/export_data-dirty_balanced_p2slckaggle-2021-03-06T03:12:07.508259Z/files/dba307df-d3c8-47a5-9b81-97c43152a80e.jpeg,Pneumonia - 100 mix
TRAIN,gs://p2slckaggle/P2 - Files/export_data-dirty_balanced_p2slckaggle-2021-03-06T03:12:07.508259Z/files/c37ead3f-84e9-4896-91aa-63715440e0cf.jpeg,Normal - 100 mix
TRAIN,gs://p2slckaggle/P2 - Files/export_data-dirty_balanced_p2slckaggle-2021-03-06T03:12:07.508259Z/files/29026bc4-7a41-491e-ae68-af37fcac7e82.jpeg,Normal - 100 mix
TRAIN,gs://p2slckaggle/P2 - Files/export_data-dirty_balanced_p2slckaggle-2021-03-06T03:12:07.508259Z/files/488e1de6-9afa-4699-a201-dc16bf44d66b.jpeg,Normal - 100 mix
TRAIN,gs://p2slckaggle/P2 - Files/export_data-dirty_balanced_p2slckaggle-2021-03-06T03:12:07.508259Z/files/620a461f-661b-4a59-b598-520d6eb832ec.jpeg,Pneumonia - 100 mix
TRAIN,gs://p2slckaggle/P2 - Files/export_data-dirty_balanced_p2slckaggle-2021-03-06T03:12:07.508259Z/files/b525b1aa-8ed1-4280-b938-3509d26d8a95.jpeg,Normal - 100 mix
TRAIN,gs://p2slckaggle/P2 - Files/export_data-dirty_balanced_p2slckaggle-2021-03-06T03:12:07.508259Z/files/80c4c75f-d461-40fd-8b97-601c3135c8e2.jpeg,Normal - 100 mix
TRAIN,gs://p2slckaggle/P2 - Files/export_data-dirty_balanced_p2slckaggle-2021-03-06T03:12:07.508259Z/files/bcb70357-fb4c-432a-a381-79545cc31bed.jpeg,Normal - 100 mix
TEST,gs://p2slckaggle/P2 - Files/export_data-dirty_balanced_p2slckaggle-2021-03-06T03:12:07.508259Z/files/c85d98b7-4cca-4a02-9dd1-f2cdacf544f9.jpeg,Pneumonia - 100 mix
TRAIN,gs://p2slckaggle/P2 - Files/export_data-dirty_balanced_p2slckaggle-2021-03-06T03:12:07.508259Z/files/3352e688-0103-4134-adb8-1f558db0c924.jpeg,Pneumonia - 100 mix
VALIDATION,gs://p2slckaggle/P2 - Files/export_data-dirty_balanced_p2slckaggle-2021-03-06T03:12:07.508259Z/files/7d9bc439-fa3e-4cb7-a5cf-746fa5a384aa.jpeg,Normal - 100 mix
TRAIN,gs://p2slckaggle/P2 - Files/export_data-dirty_balanced_p2slckaggle-2021-03-06T03:12:07.508259Z/files/9d813068-2fc5-476b-b097-d8233ec8a0c6.jpeg,Normal - 100 mix
TRAIN,gs://p2slckaggle/P2 - Files/export_data-dirty_balanced_p2slckaggle-2021-03-06T03:12:07.508259Z/files/65302bfb-eb86-4684-97f2-9f237b9ca3b9.jpeg,Pneumonia - 100 mix
TRAIN,gs://p2slckaggle/P2 - Files/export_data-dirty_balanced_p2slckaggle-2021-03-06T03:12:07.508259Z/files/44215000-0722-471b-9926-248e4f5fb569.jpeg,Pneumonia - 100 mix
TRAIN,gs://p2slckaggle/P2 - Files/export_data-dirty_balanced_p2slckaggle-2021-03-06T03:12:07.508259Z/files/e2b4df07-6f83-4e19-bd55-01f1ec8f4bc0.jpeg,Pneumonia - 100 mix
TRAIN,gs://p2slckaggle/P2 - Files/export_data-dirty_balanced_p2slckaggle-2021-03-06T03:12:07.508259Z/files/2fcb1caa-fc69-45f6-ae44-ba375e6a5a9a.jpeg,Pneumonia - 100 mix
TRAIN,gs://p2slckaggle/P2 - Files/export_data-dirty_balanced_p2slckaggle-2021-03-06T03:12:07.508259Z/files/4a3a455f-6145-4e55-8401-351707a3e343.jpeg,Pneumonia - 100 mix
VALIDATION,gs://p2slckaggle/P2 - Files/export_data-dirty_balanced_p2slckaggle-2021-03-06T03:12:07.508259Z/files/a5547ded-371f-4659-a5da-75ff9efca8c1.jpeg,Pneumonia - 100 mix
TRAIN,gs://p2slckaggle/P2 - Files/export_data-dirty_balanced_p2slckaggle-2021-03-06T03:12:07.508259Z/files/cedee55c-6738-448d-92bb-db34bf524eac.jpeg,Pneumonia - 100 mix
TRAIN,gs://p2slckaggle/P2 - Files/export_data-dirty_balanced_p2slckaggle-2021-03-06T03:12:07.508259Z/files/28f3da2b-8693-4e03-ba29-35bcec4fd64d.jpeg,Pneumonia - 100 mix
TRAIN,gs://p2slckaggle/P2 - Files/export_data-dirty_balanced_p2slckaggle-2021-03-06T03:12:07.508259Z/files/4332f34d-5eb4-4944-a2e3-ed7330f3a0ff.jpeg,Normal - 100 mix
TEST,gs://p2slckaggle/P2 - Files/export_data-dirty_balanced_p2slckaggle-2021-03-06T03:12:07.508259Z/files/2c4c234c-c386-4085-80a6-e98a45bc623b.jpeg,Normal - 100 mix
TRAIN,gs://p2slckaggle/P2 - Files/export_data-dirty_balanced_p2slckaggle-2021-03-06T03:12:07.508259Z/files/4dd6c242-1f9b-4222-a717-68e2b8c3a30d.jpeg,Normal - 100 mix
TEST,gs://p2slckaggle/P2 - Files/export_data-dirty_balanced_p2slckaggle-2021-03-06T03:12:07.508259Z/files/3fb1b9d9-4325-4e72-b5ce-8bdfce9b6cf8.jpeg,Pneumonia - 100 mix
TRAIN,gs://p2slckaggle/P2 - Files/export_data-dirty_balanced_p2slckaggle-2021-03-06T03:12:07.508259Z/files/1dfc1ece-8f82-4dd7-8e6c-6605dcb2ef2e.jpeg,Pneumonia - 100 mix
TRAIN,gs://p2slckaggle/P2 - Files/export_data-dirty_balanced_p2slckaggle-2021-03-06T03:12:07.508259Z/files/dec6d5f8-fad6-40b1-a658-3a571440800d.jpeg,Pneumonia - 100 mix
TRAIN,gs://p2slckaggle/P2 - Files/export_data-dirty_balanced_p2slckaggle-2021-03-06T03:12:07.508259Z/files/d7a383a8-b425-4d99-9ce6-40188c3230bf.jpeg,Pneumonia - 100 mix
TRAIN,gs://p2slckaggle/P2 - Files/export_data-dirty_balanced_p2slckaggle-2021-03-06T03:12:07.508259Z/files/80d37e05-ec30-48d2-91ea-45c83717b75b.jpeg,Normal - 100 mix
TRAIN,gs://p2slckaggle/P2 - Files/export_data-dirty_balanced_p2slckaggle-2021-03-06T03:12:07.508259Z/files/f3f85e3b-93bb-4c44-bd1d-59dc15b9965f.jpeg,Normal - 100 mix
TRAIN,gs://p2slckaggle/P2 - Files/export_data-dirty_balanced_p2slckaggle-2021-03-06T03:12:07.508259Z/files/5a31c442-b875-4361-9818-400bd798f66c.jpeg,Pneumonia - 100 mix
TRAIN,gs://p2slckaggle/P2 - Files/export_data-dirty_balanced_p2slckaggle-2021-03-06T03:12:07.508259Z/files/4318f21f-0e79-436c-9be5-4de4bf2349cb.jpeg,Pneumonia - 100 mix
TRAIN,gs://p2slckaggle/P2 - Files/export_data-dirty_balanced_p2slckaggle-2021-03-06T03:12:07.508259Z/files/bc60b2d9-a238-465f-b38d-0b1c8462c178.jpeg,Pneumonia - 100 mix
VALIDATION,gs://p2slckaggle/P2 - Files/export_data-dirty_balanced_p2slckaggle-2021-03-06T03:12:07.508259Z/files/d6db1c9d-ca44-4a74-96e1-24b0cd7f715c.jpeg,Pneumonia - 100 mix
TRAIN,gs://p2slckaggle/P2 - Files/export_data-dirty_balanced_p2slckaggle-2021-03-06T03:12:07.508259Z/files/2f0a1cb3-994f-412f-a81c-7ed6807f28be.jpeg,Normal - 100 mix
TRAIN,gs://p2slckaggle/P2 - Files/export_data-dirty_balanced_p2slckaggle-2021-03-06T03:12:07.508259Z/files/02e8880f-3e8a-4e36-a28b-a6f641f5da40.jpeg,Normal - 100 mix
TRAIN,gs://p2slckaggle/P2 - Files/export_data-dirty_balanced_p2slckaggle-2021-03-06T03:12:07.508259Z/files/93c9d8ea-6291-46ab-9866-974a860b1b5c.jpeg,Pneumonia - 100 mix
TRAIN,gs://p2slckaggle/P2 - Files/export_data-dirty_balanced_p2slckaggle-2021-03-06T03:12:07.508259Z/files/7091f1e3-4bc1-4887-91cb-c71e4f3dcabf.jpeg,Normal - 100 mix
VALIDATION,gs://p2slckaggle/P2 - Files/export_data-dirty_balanced_p2slckaggle-2021-03-06T03:12:07.508259Z/files/f54ca917-2435-4749-897a-f8c09ce5fbd1.jpeg,Normal - 100 mix
TRAIN,gs://p2slckaggle/P2 - Files/export_data-dirty_balanced_p2slckaggle-2021-03-06T03:12:07.508259Z/files/8aeca80d-5876-40f6-a17f-a6e76071059c.jpeg,Normal - 100 mix
TRAIN,gs://p2slckaggle/P2 - Files/export_data-dirty_balanced_p2slckaggle-2021-03-06T03:12:07.508259Z/files/a16a9526-20b8-492a-9f30-827e92931312.jpeg,Pneumonia - 100 mix
TEST,gs://p2slckaggle/P2 - Files/export_data-dirty_balanced_p2slckaggle-2021-03-06T03:12:07.508259Z/files/6c1960ed-7c1f-49ed-8102-b8e1905e803d.jpeg,Pneumonia - 100 mix
TRAIN,gs://p2slckaggle/P2 - Files/export_data-dirty_balanced_p2slckaggle-2021-03-06T03:12:07.508259Z/files/2c1c052e-d435-4bbc-942e-bb1d5f7b6e52.jpeg,Pneumonia - 100 mix
TRAIN,gs://p2slckaggle/P2 - Files/export_data-dirty_balanced_p2slckaggle-2021-03-06T03:12:07.508259Z/files/e5c41656-9c29-40d1-9a8a-23ef8892f59b.jpeg,Normal - 100 mix
TRAIN,gs://p2slckaggle/P2 - Files/export_data-dirty_balanced_p2slckaggle-2021-03-06T03:12:07.508259Z/files/c3d5929e-7c83-41ab-899e-790581413a21.jpeg,Pneumonia - 100 mix
TEST,gs://p2slckaggle/P2 - Files/export_data-dirty_balanced_p2slckaggle-2021-03-06T03:12:07.508259Z/files/d690d576-e9b2-4c1d-addc-7d51d67a29e2.jpeg,Normal - 100 mix
TRAIN,gs://p2slckaggle/P2 - Files/export_data-dirty_balanced_p2slckaggle-2021-03-06T03:12:07.508259Z/files/21a7fa78-182e-4626-97c8-7135987dd8a5.jpeg,Pneumonia - 100 mix
TRAIN,gs://p2slckaggle/P2 - Files/export_data-dirty_balanced_p2slckaggle-2021-03-06T03:12:07.508259Z/files/ac84211b-2d9f-4482-9855-a0fc7a0de6fc.jpeg,Normal - 100 mix
TRAIN,gs://p2slckaggle/P2 - Files/export_data-dirty_balanced_p2slckaggle-2021-03-06T03:12:07.508259Z/files/3aaea875-607d-4cf5-9f57-43c12fe632f2.jpeg,Pneumonia - 100 mix
TRAIN,gs://p2slckaggle/P2 - Files/export_data-dirty_balanced_p2slckaggle-2021-03-06T03:12:07.508259Z/files/142d3116-fcb9-4d17-9cb1-b953b9b4d2a3.jpeg,Normal - 100 mix
TRAIN,gs://p2slckaggle/P2 - Files/export_data-dirty_balanced_p2slckaggle-2021-03-06T03:12:07.508259Z/files/80a2c075-0d09-499c-88c6-5139be1b71dc.jpeg,Pneumonia - 100 mix
TRAIN,gs://p2slckaggle/P2 - Files/export_data-dirty_balanced_p2slckaggle-2021-03-06T03:12:07.508259Z/files/998a8fe3-6c00-4bde-aa83-513d0c82d857.jpeg,Normal - 100 mix
TRAIN,gs://p2slckaggle/P2 - Files/export_data-dirty_balanced_p2slckaggle-2021-03-06T03:12:07.508259Z/files/6e7630a4-3280-488b-9b65-93b61432aaa0.jpeg,Normal - 100 mix
TRAIN,gs://p2slckaggle/P2 - Files/export_data-dirty_balanced_p2slckaggle-2021-03-06T03:12:07.508259Z/files/25bc5bbc-e53d-4c11-a0c4-ec27a0412486.jpeg,Normal - 100 mix
TRAIN,gs://p2slckaggle/P2 - Files/export_data-dirty_balanced_p2slckaggle-2021-03-06T03:12:07.508259Z/files/39f8b209-0d2f-4a5a-8974-1f570ca2545b.jpeg,Pneumonia - 100 mix
VALIDATION,gs://p2slckaggle/P2 - Files/export_data-dirty_balanced_p2slckaggle-2021-03-06T03:12:07.508259Z/files/d32b94be-63f5-4aec-be5d-03f1f27933aa.jpeg,Pneumonia - 100 mix
TRAIN,gs://p2slckaggle/P2 - Files/export_data-dirty_balanced_p2slckaggle-2021-03-06T03:12:07.508259Z/files/ea5f0277-a3cb-489e-be7e-b691f9d457f4.jpeg,Pneumonia - 100 mix
TRAIN,gs://p2slckaggle/P2 - Files/export_data-dirty_balanced_p2slckaggle-2021-03-06T03:12:07.508259Z/files/413c0efd-6b08-4f58-9950-c2c90996f02f.jpeg,Pneumonia - 100 mix
TEST,gs://p2slckaggle/P2 - Files/export_data-dirty_balanced_p2slckaggle-2021-03-06T03:12:07.508259Z/files/8b94b454-a062-4815-bed4-ab348d9c3603.jpeg,Pneumonia - 100 mix
TRAIN,gs://p2slckaggle/P2 - Files/export_data-dirty_balanced_p2slckaggle-2021-03-06T03:12:07.508259Z/files/de2c7b8b-6203-4078-aaf0-af764c1716d3.jpeg,Normal - 100 mix
VALIDATION,gs://p2slckaggle/P2 - Files/export_data-dirty_balanced_p2slckaggle-2021-03-06T03:12:07.508259Z/files/e8855f20-693f-4ca4-8c62-79c1bb999af9.jpeg,Normal - 100 mix
TRAIN,gs://p2slckaggle/P2 - Files/export_data-dirty_balanced_p2slckaggle-2021-03-06T03:12:07.508259Z/files/e9dc66eb-0a34-493b-a317-64a43b9aea7d.jpeg,Normal - 100 mix
TRAIN,gs://p2slckaggle/P2 - Files/export_data-dirty_balanced_p2slckaggle-2021-03-06T03:12:07.508259Z/files/d3212ce2-9117-4b40-bf0f-e2e8e1fb0285.jpeg,Normal - 100 mix
TRAIN,gs://p2slckaggle/P2 - Files/export_data-dirty_balanced_p2slckaggle-2021-03-06T03:12:07.508259Z/files/cc09ff10-c914-439b-b5f0-367a005a6d5a.jpeg,Pneumonia - 100 mix
TRAIN,gs://p2slckaggle/P2 - Files/export_data-dirty_balanced_p2slckaggle-2021-03-06T03:12:07.508259Z/files/fe2f73aa-f928-47f5-a4e6-984be2069439.jpeg,Pneumonia - 100 mix
TEST,gs://p2slckaggle/P2 - Files/export_data-dirty_balanced_p2slckaggle-2021-03-06T03:12:07.508259Z/files/3f09934a-9809-4b38-ac06-cf04a3ee0386.jpeg,Normal - 100 mix
TRAIN,gs://p2slckaggle/P2 - Files/export_data-dirty_balanced_p2slckaggle-2021-03-06T03:12:07.508259Z/files/11a1fe6a-776f-4815-847f-5d4923915dac.jpeg,Normal - 100 mix
TRAIN,gs://p2slckaggle/P2 - Files/export_data-dirty_balanced_p2slckaggle-2021-03-06T03:12:07.508259Z/files/1840a448-01b8-4a33-957c-fef170752e71.jpeg,Normal - 100 mix
TRAIN,gs://p2slckaggle/P2 - Files/export_data-dirty_balanced_p2slckaggle-2021-03-06T03:12:07.508259Z/files/a71b20b6-3eba-44ea-8a52-8a6ed1539979.jpeg,Normal - 100 mix
TRAIN,gs://p2slckaggle/P2 - Files/export_data-dirty_balanced_p2slckaggle-2021-03-06T03:12:07.508259Z/files/1940ced7-73e3-4da3-9cc2-6f2708168911.jpeg,Normal - 100 mix
TRAIN,gs://p2slckaggle/P2 - Files/export_data-dirty_balanced_p2slckaggle-2021-03-06T03:12:07.508259Z/files/026f8597-85f2-4fe6-b2a1-f3c907f7ff53.jpeg,Pneumonia - 100 mix
TRAIN,gs://p2slckaggle/P2 - Files/export_data-dirty_balanced_p2slckaggle-2021-03-06T03:12:07.508259Z/files/ec0f4352-d128-4844-a417-4077e4d43d23.jpeg,Normal - 100 mix
TRAIN,gs://p2slckaggle/P2 - Files/export_data-dirty_balanced_p2slckaggle-2021-03-06T03:12:07.508259Z/files/b7e20604-3832-40d0-a660-07d1eb28ea51.jpeg,Pneumonia - 100 mix
TRAIN,gs://p2slckaggle/P2 - Files/export_data-dirty_balanced_p2slckaggle-2021-03-06T03:12:07.508259Z/files/81213d04-4a3e-48a7-8f2b-c60ef89db384.jpeg,Normal - 100 mix
TRAIN,gs://p2slckaggle/P2 - Files/export_data-dirty_balanced_p2slckaggle-2021-03-06T03:12:07.508259Z/files/59105c1b-a139-4dc6-8f4f-b932332aae20.jpeg,Pneumonia - 100 mix
VALIDATION,gs://p2slckaggle/P2 - Files/export_data-dirty_balanced_p2slckaggle-2021-03-06T03:12:07.508259Z/files/6ff88c3b-5e77-4ea6-bda1-42c1209181f4.jpeg,Normal - 100 mix
TRAIN,gs://p2slckaggle/P2 - Files/export_data-dirty_balanced_p2slckaggle-2021-03-06T03:12:07.508259Z/files/b29c7aec-c443-4949-8055-432c9015ef99.jpeg,Normal - 100 mix
TRAIN,gs://p2slckaggle/P2 - Files/export_data-dirty_balanced_p2slckaggle-2021-03-06T03:12:07.508259Z/files/3720e3b1-8fdd-479b-bfcc-0376a1f7fdb1.jpeg,Pneumonia - 100 mix
VALIDATION,gs://p2slckaggle/P2 - Files/export_data-dirty_balanced_p2slckaggle-2021-03-06T03:12:07.508259Z/files/7bbaf842-c34d-46e2-a78d-d8be539b6241.jpeg,Pneumonia - 100 mix
TRAIN,gs://p2slckaggle/P2 - Files/export_data-dirty_balanced_p2slckaggle-2021-03-06T03:12:07.508259Z/files/0989daf8-3790-4f07-b5ed-a1a8e155c9e8.jpeg,Pneumonia - 100 mix
TRAIN,gs://p2slckaggle/P2 - Files/export_data-dirty_balanced_p2slckaggle-2021-03-06T03:12:07.508259Z/files/cf36ebe6-883c-4e34-bda7-ba81105ac5d8.jpeg,Normal - 100 mix
TEST,gs://p2slckaggle/P2 - Files/export_data-dirty_balanced_p2slckaggle-2021-03-06T03:12:07.508259Z/files/48e98387-85cf-4682-a64a-2cfa1938e70c.jpeg,Normal - 100 mix
TRAIN,gs://p2slckaggle/P2 - Files/export_data-dirty_balanced_p2slckaggle-2021-03-06T03:12:07.508259Z/files/da5ff383-28a5-459a-b7c1-849b449a90e3.jpeg,Pneumonia - 100 mix
TRAIN,gs://p2slckaggle/P2 - Files/export_data-dirty_balanced_p2slckaggle-2021-03-06T03:12:07.508259Z/files/473e66f7-475a-48ad-a874-51fe81a5f81e.jpeg,Normal - 100 mix
TEST,gs://p2slckaggle/P2 - Files/export_data-dirty_balanced_p2slckaggle-2021-03-06T03:12:07.508259Z/files/10f94699-0721-4905-a2d5-c064bb0e641f.jpeg,Pneumonia - 100 mix
TRAIN,gs://p2slckaggle/P2 - Files/export_data-dirty_balanced_p2slckaggle-2021-03-06T03:12:07.508259Z/files/90ce77c9-323b-425b-85fa-3ec4be488822.jpeg,Normal - 100 mix
TRAIN,gs://p2slckaggle/P2 - Files/export_data-dirty_balanced_p2slckaggle-2021-03-06T03:12:07.508259Z/files/144b362d-77da-464e-8215-3f29543aabf6.jpeg,Normal - 100 mix
TRAIN,gs://p2slckaggle/P2 - Files/export_data-dirty_balanced_p2slckaggle-2021-03-06T03:12:07.508259Z/files/794f4317-cb12-46f3-b67f-de46d33d5e1d.jpeg,Pneumonia - 100 mix
TRAIN,gs://p2slckaggle/P2 - Files/export_data-dirty_balanced_p2slckaggle-2021-03-06T03:12:07.508259Z/files/88db6a99-d0e2-413e-a01c-207f309fae12.jpeg,Pneumonia - 100 mix
TRAIN,gs://p2slckaggle/P2 - Files/export_data-dirty_balanced_p2slckaggle-2021-03-06T03:12:07.508259Z/files/4b6b8b92-ded9-4709-9772-361617f945a1.jpeg,Pneumonia - 100 mix
TRAIN,gs://p2slckaggle/P2 - Files/export_data-dirty_balanced_p2slckaggle-2021-03-06T03:12:07.508259Z/files/94ecec35-b37a-43df-90e2-49f1d7c3f03e.jpeg,Pneumonia - 100 mix
TRAIN,gs://p2slckaggle/P2 - Files/export_data-dirty_balanced_p2slckaggle-2021-03-06T03:12:07.508259Z/files/c12e4661-4c16-4c36-84ff-870dbc272f8a.jpeg,Normal - 100 mix
TRAIN,gs://p2slckaggle/P2 - Files/export_data-dirty_balanced_p2slckaggle-2021-03-06T03:12:07.508259Z/files/7ded83e7-4c6e-4010-806d-ed86a3c8671f.jpeg,Pneumonia - 100 mix
